date,station,rr
2017-09-11,ARG Sipora Jaya,0.0
2017-09-12,ARG Sipora Jaya,0.8
2017-09-13,ARG Sipora Jaya,4.199999999999999
2017-09-14,ARG Sipora Jaya,7.199999999999999
2017-09-15,ARG Sipora Jaya,22.399999999999995
2017-09-16,ARG Sipora Jaya,0.0
2017-09-17,ARG Sipora Jaya,0.0
2017-09-18,ARG Sipora Jaya,0.0
2017-09-19,ARG Sipora Jaya,0.0
2017-09-20,ARG Sipora Jaya,0.0
2017-09-21,ARG Sipora Jaya,0.0
2017-09-22,ARG Sipora Jaya,0.0
2017-09-23,ARG Sipora Jaya,0.0
2017-09-24,ARG Sipora Jaya,0.0
2017-09-25,ARG Sipora Jaya,0.0
2017-09-26,ARG Sipora Jaya,0.0
2017-09-27,ARG Sipora Jaya,0.0
2017-09-28,ARG Sipora Jaya,0.0
2017-09-29,ARG Sipora Jaya,0.0
2017-09-30,ARG Sipora Jaya,0.0
2017-10-01,ARG Sipora Jaya,0.0
2017-10-02,ARG Sipora Jaya,0.0
2017-10-03,ARG Sipora Jaya,0.0
2017-10-04,ARG Sipora Jaya,0.0
2017-10-05,ARG Sipora Jaya,0.0
2017-10-06,ARG Sipora Jaya,0.0
2017-10-07,ARG Sipora Jaya,0.0
2017-10-08,ARG Sipora Jaya,0.0
2017-10-09,ARG Sipora Jaya,0.0
2017-10-10,ARG Sipora Jaya,0.0
2017-10-11,ARG Sipora Jaya,0.0
2017-10-12,ARG Sipora Jaya,0.0
2017-10-13,ARG Sipora Jaya,0.0
2017-10-14,ARG Sipora Jaya,0.0
2017-10-15,ARG Sipora Jaya,0.0
2017-10-16,ARG Sipora Jaya,0.0
2017-10-17,ARG Sipora Jaya,0.0
2017-10-18,ARG Sipora Jaya,0.0
2017-10-19,ARG Sipora Jaya,0.0
2017-10-20,ARG Sipora Jaya,0.0
2017-10-21,ARG Sipora Jaya,0.0
2017-10-22,ARG Sipora Jaya,0.0
2017-10-23,ARG Sipora Jaya,0.0
2017-10-24,ARG Sipora Jaya,0.0
2017-10-25,ARG Sipora Jaya,0.0
2017-10-26,ARG Sipora Jaya,0.0
2017-10-27,ARG Sipora Jaya,0.0
2017-10-28,ARG Sipora Jaya,0.0
2017-10-29,ARG Sipora Jaya,0.0
2017-10-30,ARG Sipora Jaya,0.0
2017-10-31,ARG Sipora Jaya,0.0
2017-11-01,ARG Sipora Jaya,0.0
2017-11-02,ARG Sipora Jaya,0.0
2017-11-03,ARG Sipora Jaya,0.0
2017-11-04,ARG Sipora Jaya,0.0
2017-11-05,ARG Sipora Jaya,0.0
2017-11-06,ARG Sipora Jaya,0.0
2017-11-07,ARG Sipora Jaya,0.0
2017-11-08,ARG Sipora Jaya,0.0
2017-11-09,ARG Sipora Jaya,0.0
2017-11-10,ARG Sipora Jaya,0.0
2017-11-11,ARG Sipora Jaya,0.0
2017-11-12,ARG Sipora Jaya,0.0
2017-11-13,ARG Sipora Jaya,0.0
2017-11-14,ARG Sipora Jaya,0.0
2017-11-15,ARG Sipora Jaya,0.0
2017-11-16,ARG Sipora Jaya,0.0
2017-11-17,ARG Sipora Jaya,0.0
2017-11-18,ARG Sipora Jaya,0.0
2017-11-19,ARG Sipora Jaya,0.0
2017-11-20,ARG Sipora Jaya,0.0
2017-11-21,ARG Sipora Jaya,0.0
2017-11-22,ARG Sipora Jaya,0.0
2017-11-23,ARG Sipora Jaya,0.0
2017-11-24,ARG Sipora Jaya,0.0
2017-11-25,ARG Sipora Jaya,0.0
2017-11-26,ARG Sipora Jaya,0.0
2017-11-27,ARG Sipora Jaya,0.0
2017-11-28,ARG Sipora Jaya,0.0
2017-11-29,ARG Sipora Jaya,0.0
2017-11-30,ARG Sipora Jaya,0.0
2017-12-01,ARG Sipora Jaya,0.0
2017-12-02,ARG Sipora Jaya,0.0
2017-12-03,ARG Sipora Jaya,0.0
2017-12-04,ARG Sipora Jaya,0.0
2017-12-05,ARG Sipora Jaya,0.0
2017-12-06,ARG Sipora Jaya,0.0
2017-12-07,ARG Sipora Jaya,0.0
2017-12-08,ARG Sipora Jaya,0.0
2017-12-09,ARG Sipora Jaya,0.0
2017-12-10,ARG Sipora Jaya,0.0
2017-12-11,ARG Sipora Jaya,0.0
2017-12-12,ARG Sipora Jaya,0.0
2017-12-13,ARG Sipora Jaya,0.0
2017-12-14,ARG Sipora Jaya,0.0
2017-12-15,ARG Sipora Jaya,0.0
2017-12-16,ARG Sipora Jaya,0.0
2017-12-17,ARG Sipora Jaya,0.0
2017-12-18,ARG Sipora Jaya,0.0
2017-12-19,ARG Sipora Jaya,0.0
2017-12-20,ARG Sipora Jaya,0.0
2017-12-21,ARG Sipora Jaya,0.0
2017-12-22,ARG Sipora Jaya,0.0
2017-12-23,ARG Sipora Jaya,0.0
2017-12-24,ARG Sipora Jaya,0.0
2017-12-25,ARG Sipora Jaya,0.0
2017-12-26,ARG Sipora Jaya,0.0
2017-12-27,ARG Sipora Jaya,0.0
2017-12-28,ARG Sipora Jaya,0.0
2017-12-29,ARG Sipora Jaya,0.0
2017-12-30,ARG Sipora Jaya,0.0
2017-12-31,ARG Sipora Jaya,0.0
2018-01-01,ARG Sipora Jaya,0.0
2018-01-02,ARG Sipora Jaya,0.0
2018-01-03,ARG Sipora Jaya,0.0
2018-01-04,ARG Sipora Jaya,0.0
2018-01-05,ARG Sipora Jaya,0.0
2018-01-06,ARG Sipora Jaya,0.0
2018-01-07,ARG Sipora Jaya,0.0
2018-01-08,ARG Sipora Jaya,8.200000000000001
2018-01-09,ARG Sipora Jaya,0.0
2018-01-10,ARG Sipora Jaya,0.0
2018-01-11,ARG Sipora Jaya,0.0
2018-01-12,ARG Sipora Jaya,56.8
2018-01-13,ARG Sipora Jaya,1.0
2018-01-14,ARG Sipora Jaya,0.2
2018-01-15,ARG Sipora Jaya,0.0
2018-01-16,ARG Sipora Jaya,3.4000000000000004
2018-01-17,ARG Sipora Jaya,0.0
2018-01-18,ARG Sipora Jaya,0.0
2018-01-19,ARG Sipora Jaya,0.0
2018-01-20,ARG Sipora Jaya,8.200000000000001
2018-01-21,ARG Sipora Jaya,48.2
2018-01-22,ARG Sipora Jaya,12.4
2018-01-23,ARG Sipora Jaya,27.4
2018-01-24,ARG Sipora Jaya,9.6
2018-01-25,ARG Sipora Jaya,0.0
2018-01-26,ARG Sipora Jaya,0.0
2018-01-27,ARG Sipora Jaya,0.0
2018-01-28,ARG Sipora Jaya,0.0
2018-01-29,ARG Sipora Jaya,0.0
2018-01-30,ARG Sipora Jaya,0.0
2018-01-31,ARG Sipora Jaya,0.0
2018-02-01,ARG Sipora Jaya,0.0
2018-02-02,ARG Sipora Jaya,0.0
2018-02-03,ARG Sipora Jaya,0.0
2018-02-04,ARG Sipora Jaya,0.8000000000000002
2018-02-05,ARG Sipora Jaya,0.6000000000000001
2018-02-06,ARG Sipora Jaya,0.6000000000000001
2018-02-07,ARG Sipora Jaya,9.6
2018-02-08,ARG Sipora Jaya,0.2
2018-02-09,ARG Sipora Jaya,2.2
2018-02-10,ARG Sipora Jaya,18.0
2018-02-11,ARG Sipora Jaya,12.399999999999999
2018-02-12,ARG Sipora Jaya,11.6
2018-02-13,ARG Sipora Jaya,1.400000000000001
2018-02-14,ARG Sipora Jaya,70.80000000000001
2018-02-15,ARG Sipora Jaya,3.8
2018-02-16,ARG Sipora Jaya,0.0
2018-02-17,ARG Sipora Jaya,19.0
2018-02-18,ARG Sipora Jaya,1.2000000000000002
2018-02-19,ARG Sipora Jaya,14.0
2018-02-20,ARG Sipora Jaya,3.1999999999999993
2018-02-21,ARG Sipora Jaya,24.2
2018-02-22,ARG Sipora Jaya,59.60000000000001
2018-02-23,ARG Sipora Jaya,12.000000000000002
2018-02-24,ARG Sipora Jaya,0.2
2018-02-25,ARG Sipora Jaya,36.6
2018-02-26,ARG Sipora Jaya,12.8
2018-02-27,ARG Sipora Jaya,31.600000000000005
2018-02-28,ARG Sipora Jaya,12.2
2018-03-01,ARG Sipora Jaya,4.8
2018-03-02,ARG Sipora Jaya,2.4
2018-03-03,ARG Sipora Jaya,33.8
2018-03-04,ARG Sipora Jaya,0.2
2018-03-05,ARG Sipora Jaya,3.0000000000000004
2018-03-06,ARG Sipora Jaya,12.4
2018-03-07,ARG Sipora Jaya,0.2
2018-03-08,ARG Sipora Jaya,0.0
2018-03-09,ARG Sipora Jaya,71.2
2018-03-10,ARG Sipora Jaya,41.8
2018-03-11,ARG Sipora Jaya,3.4000000000000004
2018-03-12,ARG Sipora Jaya,2.8000000000000003
2018-03-13,ARG Sipora Jaya,0.0
2018-03-14,ARG Sipora Jaya,26.4
2018-03-15,ARG Sipora Jaya,0.0
2018-03-16,ARG Sipora Jaya,0.0
2018-03-17,ARG Sipora Jaya,0.0
2018-03-18,ARG Sipora Jaya,0.0
2018-03-19,ARG Sipora Jaya,2.400000000000002
2018-03-20,ARG Sipora Jaya,50.0
2018-03-21,ARG Sipora Jaya,0.0
2018-03-22,ARG Sipora Jaya,0.2
2018-03-23,ARG Sipora Jaya,0.0
2018-03-24,ARG Sipora Jaya,20.6
2018-03-25,ARG Sipora Jaya,63.0
2018-03-26,ARG Sipora Jaya,14.400000000000002
2018-03-27,ARG Sipora Jaya,5.2
2018-03-28,ARG Sipora Jaya,5.6000000000000005
2018-03-29,ARG Sipora Jaya,9.2
2018-03-30,ARG Sipora Jaya,17.8
2018-03-31,ARG Sipora Jaya,18.2
2018-04-01,ARG Sipora Jaya,0.0
2018-04-02,ARG Sipora Jaya,0.2
2018-04-03,ARG Sipora Jaya,2.2
2018-04-04,ARG Sipora Jaya,1.4
2018-04-05,ARG Sipora Jaya,32.0
2018-04-06,ARG Sipora Jaya,2.4
2018-04-07,ARG Sipora Jaya,0.2
2018-04-08,ARG Sipora Jaya,0.0
2018-04-09,ARG Sipora Jaya,3.2
2018-04-10,ARG Sipora Jaya,0.2
2018-04-11,ARG Sipora Jaya,5.0
2018-04-12,ARG Sipora Jaya,5.6
2018-04-13,ARG Sipora Jaya,20.6
2018-04-14,ARG Sipora Jaya,0.2
2018-04-15,ARG Sipora Jaya,20.0
2018-04-16,ARG Sipora Jaya,1.8000000000000003
2018-04-17,ARG Sipora Jaya,3.2
2018-04-18,ARG Sipora Jaya,24.0
2018-04-19,ARG Sipora Jaya,3.3999999999999995
2018-04-20,ARG Sipora Jaya,5.8
2018-04-21,ARG Sipora Jaya,18.000000000000004
2018-04-22,ARG Sipora Jaya,38.599999999999994
2018-04-23,ARG Sipora Jaya,44.2
2018-04-24,ARG Sipora Jaya,9.6
2018-04-25,ARG Sipora Jaya,0.0
2018-04-26,ARG Sipora Jaya,34.4
2018-04-27,ARG Sipora Jaya,45.6
2018-04-28,ARG Sipora Jaya,0.0
2018-04-29,ARG Sipora Jaya,0.2
2018-04-30,ARG Sipora Jaya,0.2
2018-05-01,ARG Sipora Jaya,0.2
2018-05-02,ARG Sipora Jaya,0.2
2018-05-03,ARG Sipora Jaya,7.2
2018-05-04,ARG Sipora Jaya,1.0
2018-05-05,ARG Sipora Jaya,0.2
2018-05-06,ARG Sipora Jaya,33.2
2018-05-07,ARG Sipora Jaya,8.2
2018-05-08,ARG Sipora Jaya,1.7999999999999998
2018-05-09,ARG Sipora Jaya,0.2
2018-05-10,ARG Sipora Jaya,0.0
2018-05-11,ARG Sipora Jaya,3.2000000000000006
2018-05-12,ARG Sipora Jaya,37.2
2018-05-13,ARG Sipora Jaya,0.5999999999999958
2018-05-14,ARG Sipora Jaya,0.4
2018-05-15,ARG Sipora Jaya,16.8
2018-05-16,ARG Sipora Jaya,0.2
2018-05-17,ARG Sipora Jaya,0.2
2018-05-18,ARG Sipora Jaya,9.0
2018-05-19,ARG Sipora Jaya,143.8
2018-05-20,ARG Sipora Jaya,1.3999999999999888
2018-05-21,ARG Sipora Jaya,0.0
2018-05-22,ARG Sipora Jaya,0.6000000000000001
2018-05-23,ARG Sipora Jaya,2.8000000000000003
2018-05-24,ARG Sipora Jaya,13.0
2018-05-25,ARG Sipora Jaya,1.6000000000000003
2018-05-26,ARG Sipora Jaya,94.80000000000001
2018-05-27,ARG Sipora Jaya,26.4
2018-05-28,ARG Sipora Jaya,0.40000000000000013
2018-05-29,ARG Sipora Jaya,20.599999999999998
2018-05-30,ARG Sipora Jaya,1.2
2018-05-31,ARG Sipora Jaya,7.2
2018-06-01,ARG Sipora Jaya,0.0
2018-06-02,ARG Sipora Jaya,0.0
2018-06-03,ARG Sipora Jaya,0.0
2018-06-04,ARG Sipora Jaya,0.0
2018-06-05,ARG Sipora Jaya,0.4
2018-06-06,ARG Sipora Jaya,0.0
2018-06-07,ARG Sipora Jaya,6.6
2018-06-08,ARG Sipora Jaya,1.0000000000000002
2018-06-09,ARG Sipora Jaya,0.0
2018-06-10,ARG Sipora Jaya,1.6
2018-06-11,ARG Sipora Jaya,2.2
2018-06-12,ARG Sipora Jaya,0.0
2018-06-13,ARG Sipora Jaya,0.2
2018-06-14,ARG Sipora Jaya,0.8000000000000002
2018-06-15,ARG Sipora Jaya,0.2
2018-06-16,ARG Sipora Jaya,22.0
2018-06-17,ARG Sipora Jaya,0.8
2018-06-18,ARG Sipora Jaya,27.8
2018-06-19,ARG Sipora Jaya,0.0
2018-06-20,ARG Sipora Jaya,1.6000000000000003
2018-06-21,ARG Sipora Jaya,0.0
2018-06-22,ARG Sipora Jaya,21.2
2018-06-23,ARG Sipora Jaya,40.6
2018-06-24,ARG Sipora Jaya,0.0
2018-06-25,ARG Sipora Jaya,0.6000000000000001
2018-06-26,ARG Sipora Jaya,12.0
2018-06-27,ARG Sipora Jaya,0.2
2018-06-28,ARG Sipora Jaya,0.8000000000000002
2018-06-29,ARG Sipora Jaya,14.6
2018-06-30,ARG Sipora Jaya,5.8
2018-07-01,ARG Sipora Jaya,2.5999999999999996
2018-07-02,ARG Sipora Jaya,0.0
2018-07-03,ARG Sipora Jaya,6.6
2018-07-04,ARG Sipora Jaya,74.0
2018-07-05,ARG Sipora Jaya,40.0
2018-07-06,ARG Sipora Jaya,0.2
2018-07-07,ARG Sipora Jaya,0.0
2018-07-08,ARG Sipora Jaya,4.6
2018-07-09,ARG Sipora Jaya,61.8
2018-07-10,ARG Sipora Jaya,6.4
2018-07-11,ARG Sipora Jaya,0.0
2018-07-12,ARG Sipora Jaya,0.0
2018-07-13,ARG Sipora Jaya,1.8
2018-07-14,ARG Sipora Jaya,0.0
2018-07-15,ARG Sipora Jaya,0.6000000000000001
2018-07-16,ARG Sipora Jaya,0.2
2018-07-17,ARG Sipora Jaya,1.8000000000000003
2018-07-18,ARG Sipora Jaya,0.0
2018-07-19,ARG Sipora Jaya,0.0
2018-07-20,ARG Sipora Jaya,22.400000000000002
2018-07-21,ARG Sipora Jaya,0.6000000000000001
2018-07-22,ARG Sipora Jaya,0.0
2018-07-23,ARG Sipora Jaya,9.4
2018-07-24,ARG Sipora Jaya,42.199999999999996
2018-07-25,ARG Sipora Jaya,19.8
2018-07-26,ARG Sipora Jaya,0.0
2018-07-27,ARG Sipora Jaya,65.2
2018-07-28,ARG Sipora Jaya,9.000000000000002
2018-07-29,ARG Sipora Jaya,6.0
2018-07-30,ARG Sipora Jaya,4.000000000000002
2018-07-31,ARG Sipora Jaya,0.0
2018-08-01,ARG Sipora Jaya,3.0
2018-08-02,ARG Sipora Jaya,0.0
2018-08-03,ARG Sipora Jaya,0.0
2018-08-04,ARG Sipora Jaya,9.599999999999989
2018-08-05,ARG Sipora Jaya,0.0
2018-08-06,ARG Sipora Jaya,9.799999999999997
2018-08-07,ARG Sipora Jaya,0.6000000000000001
2018-08-08,ARG Sipora Jaya,0.8000000000000003
2018-08-09,ARG Sipora Jaya,0.0
2018-08-10,ARG Sipora Jaya,0.2
2018-08-11,ARG Sipora Jaya,0.0
2018-08-12,ARG Sipora Jaya,0.0
2018-08-13,ARG Sipora Jaya,0.5999999999999996
2018-08-14,ARG Sipora Jaya,5.599999999999999
2018-08-15,ARG Sipora Jaya,0.0
2018-08-16,ARG Sipora Jaya,0.0
2018-08-17,ARG Sipora Jaya,0.2
2018-08-18,ARG Sipora Jaya,0.0
2018-08-19,ARG Sipora Jaya,2.6
2018-08-20,ARG Sipora Jaya,2.5999999999999988
2018-08-21,ARG Sipora Jaya,3.1999999999999984
2018-08-22,ARG Sipora Jaya,2.8000000000000003
2018-08-23,ARG Sipora Jaya,2.2
2018-08-24,ARG Sipora Jaya,0.0
2018-08-25,ARG Sipora Jaya,0.0
2018-08-26,ARG Sipora Jaya,0.0
2018-08-27,ARG Sipora Jaya,0.0
2018-08-28,ARG Sipora Jaya,4.799999999999998
2018-08-29,ARG Sipora Jaya,0.0
2018-08-30,ARG Sipora Jaya,1.0000000000000036
2018-08-31,ARG Sipora Jaya,0.0
2018-09-01,ARG Sipora Jaya,0.0
2018-09-02,ARG Sipora Jaya,0.0
2018-09-03,ARG Sipora Jaya,0.0
2018-09-04,ARG Sipora Jaya,0.0
2018-09-05,ARG Sipora Jaya,0.0
2018-09-06,ARG Sipora Jaya,0.0
2018-09-07,ARG Sipora Jaya,11.6
2018-09-08,ARG Sipora Jaya,0.0
2018-09-09,ARG Sipora Jaya,0.0
2018-09-10,ARG Sipora Jaya,0.0
2018-09-11,ARG Sipora Jaya,7.6
2018-09-12,ARG Sipora Jaya,0.2
2018-09-13,ARG Sipora Jaya,14.2
2018-09-14,ARG Sipora Jaya,0.0
2018-09-15,ARG Sipora Jaya,0.2
2018-09-16,ARG Sipora Jaya,0.0
2018-09-17,ARG Sipora Jaya,0.0
2018-09-18,ARG Sipora Jaya,0.0
2018-09-19,ARG Sipora Jaya,57.199999999999996
2018-09-20,ARG Sipora Jaya,0.2
2018-09-21,ARG Sipora Jaya,0.2
2018-09-22,ARG Sipora Jaya,0.2
2018-09-23,ARG Sipora Jaya,34.6
2018-09-24,ARG Sipora Jaya,9.0
2018-09-25,ARG Sipora Jaya,11.0
2018-09-26,ARG Sipora Jaya,7.799999999999997
2018-09-27,ARG Sipora Jaya,53.0
2018-09-28,ARG Sipora Jaya,1.4
2018-09-29,ARG Sipora Jaya,21.4
2018-09-30,ARG Sipora Jaya,0.0
2018-10-01,ARG Sipora Jaya,0.4
2018-10-02,ARG Sipora Jaya,15.799999999999999
2018-10-03,ARG Sipora Jaya,24.4
2018-10-04,ARG Sipora Jaya,1.8000000000000003
2018-10-05,ARG Sipora Jaya,12.399999999999999
2018-10-06,ARG Sipora Jaya,13.2
2018-10-07,ARG Sipora Jaya,13.0
2018-10-08,ARG Sipora Jaya,19.4
2018-10-09,ARG Sipora Jaya,5.6
2018-10-10,ARG Sipora Jaya,45.6
2018-10-11,ARG Sipora Jaya,146.20000000000002
2018-10-12,ARG Sipora Jaya,4.6000000000000005
2018-10-13,ARG Sipora Jaya,1.4
2018-10-14,ARG Sipora Jaya,0.4
2018-10-15,ARG Sipora Jaya,26.0
2018-10-16,ARG Sipora Jaya,9.4
2018-10-17,ARG Sipora Jaya,25.0
2018-10-18,ARG Sipora Jaya,19.2
2018-10-19,ARG Sipora Jaya,0.0
2018-10-20,ARG Sipora Jaya,3.0000000000000004
2018-10-21,ARG Sipora Jaya,0.8000000000000002
2018-10-22,ARG Sipora Jaya,12.600000000000001
2018-10-23,ARG Sipora Jaya,29.60000000000001
2018-10-24,ARG Sipora Jaya,23.6
2018-10-25,ARG Sipora Jaya,74.79999999999998
2018-10-26,ARG Sipora Jaya,18.8
2018-10-27,ARG Sipora Jaya,0.0
2018-10-28,ARG Sipora Jaya,8.8
2018-10-29,ARG Sipora Jaya,8.8
2018-10-30,ARG Sipora Jaya,1.8000000000000003
2018-10-31,ARG Sipora Jaya,1.4
2018-11-01,ARG Sipora Jaya,0.2
2018-11-02,ARG Sipora Jaya,18.6
2018-11-03,ARG Sipora Jaya,6.599999999999999
2018-11-04,ARG Sipora Jaya,6.8
2018-11-05,ARG Sipora Jaya,9.4
2018-11-06,ARG Sipora Jaya,0.2
2018-11-07,ARG Sipora Jaya,46.4
2018-11-08,ARG Sipora Jaya,10.6
2018-11-09,ARG Sipora Jaya,2.4
2018-11-10,ARG Sipora Jaya,3.2
2018-11-11,ARG Sipora Jaya,26.2
2018-11-12,ARG Sipora Jaya,65.19999999999999
2018-11-13,ARG Sipora Jaya,28.8
2018-11-14,ARG Sipora Jaya,0.0
2018-11-15,ARG Sipora Jaya,3.0
2018-11-16,ARG Sipora Jaya,0.4
2018-11-17,ARG Sipora Jaya,0.2
2018-11-18,ARG Sipora Jaya,3.6000000000000005
2018-11-19,ARG Sipora Jaya,33.2
2018-11-20,ARG Sipora Jaya,2.0
2018-11-21,ARG Sipora Jaya,19.2
2018-11-22,ARG Sipora Jaya,15.4
2018-11-23,ARG Sipora Jaya,3.6
2018-11-24,ARG Sipora Jaya,9.4
2018-11-25,ARG Sipora Jaya,2.8
2018-11-26,ARG Sipora Jaya,0.0
2018-11-27,ARG Sipora Jaya,0.0
2018-11-28,ARG Sipora Jaya,0.0
2018-11-29,ARG Sipora Jaya,15.8
2018-11-30,ARG Sipora Jaya,2.0
2018-12-01,ARG Sipora Jaya,0.2
2018-12-02,ARG Sipora Jaya,1.4000000000000001
2018-12-03,ARG Sipora Jaya,3.8
2018-12-04,ARG Sipora Jaya,3.2
2018-12-05,ARG Sipora Jaya,34.6
2018-12-06,ARG Sipora Jaya,5.400000000000001
2018-12-07,ARG Sipora Jaya,2.2
2018-12-08,ARG Sipora Jaya,0.8000000000000002
2018-12-09,ARG Sipora Jaya,14.6
2018-12-10,ARG Sipora Jaya,8.2
2018-12-11,ARG Sipora Jaya,36.6
2018-12-12,ARG Sipora Jaya,10.0
2018-12-13,ARG Sipora Jaya,38.0
2018-12-14,ARG Sipora Jaya,28.2
2018-12-15,ARG Sipora Jaya,0.2
2018-12-16,ARG Sipora Jaya,1.6
2018-12-17,ARG Sipora Jaya,2.2
2018-12-18,ARG Sipora Jaya,0.0
2018-12-19,ARG Sipora Jaya,0.2
2018-12-20,ARG Sipora Jaya,1.2
2018-12-21,ARG Sipora Jaya,0.0
2018-12-22,ARG Sipora Jaya,0.0
2018-12-23,ARG Sipora Jaya,1.0000000000000002
2018-12-24,ARG Sipora Jaya,0.4
2018-12-25,ARG Sipora Jaya,15.600000000000001
2018-12-26,ARG Sipora Jaya,0.0
2018-12-27,ARG Sipora Jaya,5.0
2018-12-28,ARG Sipora Jaya,0.6000000000000001
2018-12-29,ARG Sipora Jaya,0.2
2018-12-30,ARG Sipora Jaya,4.6
2018-12-31,ARG Sipora Jaya,18.8
2019-01-01,ARG Sipora Jaya,8.399999999999999
2019-01-02,ARG Sipora Jaya,19.0
2019-01-03,ARG Sipora Jaya,54.0
2019-01-04,ARG Sipora Jaya,0.2
2019-01-05,ARG Sipora Jaya,0.0
2019-01-06,ARG Sipora Jaya,0.6000000000000001
2019-01-07,ARG Sipora Jaya,9.8
2019-01-08,ARG Sipora Jaya,0.0
2019-01-09,ARG Sipora Jaya,9.6
2019-01-10,ARG Sipora Jaya,0.6000000000000001
2019-01-11,ARG Sipora Jaya,6.2
2019-01-12,ARG Sipora Jaya,0.0
2019-01-13,ARG Sipora Jaya,11.6
2019-01-14,ARG Sipora Jaya,2.0
2019-01-15,ARG Sipora Jaya,7.200000000000001
2019-01-16,ARG Sipora Jaya,1.0000000000000002
2019-01-17,ARG Sipora Jaya,0.2
2019-01-18,ARG Sipora Jaya,1.2
2019-01-19,ARG Sipora Jaya,15.4
2019-01-20,ARG Sipora Jaya,5.4
2019-01-21,ARG Sipora Jaya,3.6
2019-01-22,ARG Sipora Jaya,0.0
2019-01-23,ARG Sipora Jaya,0.2
2019-01-24,ARG Sipora Jaya,0.1999999999999993
2019-01-25,ARG Sipora Jaya,0.2
2019-01-26,ARG Sipora Jaya,17.8
2019-01-27,ARG Sipora Jaya,21.6
2019-01-28,ARG Sipora Jaya,0.0
2019-01-29,ARG Sipora Jaya,0.0
2019-01-30,ARG Sipora Jaya,0.0
2019-01-31,ARG Sipora Jaya,0.0
2019-02-01,ARG Sipora Jaya,0.0
2019-02-02,ARG Sipora Jaya,24.0
2019-02-03,ARG Sipora Jaya,14.0
2019-02-04,ARG Sipora Jaya,2.0
2019-02-05,ARG Sipora Jaya,0.2
2019-02-06,ARG Sipora Jaya,31.0
2019-02-07,ARG Sipora Jaya,2.600000000000001
2019-02-08,ARG Sipora Jaya,2.0
2019-02-09,ARG Sipora Jaya,5.2
2019-02-10,ARG Sipora Jaya,0.2
2019-02-11,ARG Sipora Jaya,0.0
2019-02-12,ARG Sipora Jaya,0.0
2019-02-13,ARG Sipora Jaya,0.0
2019-02-14,ARG Sipora Jaya,0.0
2019-02-15,ARG Sipora Jaya,0.0
2019-02-16,ARG Sipora Jaya,0.0
2019-02-17,ARG Sipora Jaya,0.0
2019-02-18,ARG Sipora Jaya,0.0
2019-02-19,ARG Sipora Jaya,0.0
2019-02-20,ARG Sipora Jaya,0.0
2019-02-21,ARG Sipora Jaya,0.0
2019-02-22,ARG Sipora Jaya,0.0
2019-02-23,ARG Sipora Jaya,0.0
2019-02-24,ARG Sipora Jaya,0.0
2019-02-25,ARG Sipora Jaya,0.0
2019-02-26,ARG Sipora Jaya,0.0
2019-02-27,ARG Sipora Jaya,0.0
2019-02-28,ARG Sipora Jaya,0.0
2019-03-01,ARG Sipora Jaya,49.99999999999999
2019-03-02,ARG Sipora Jaya,0.6000000000000001
2019-03-03,ARG Sipora Jaya,0.0
2019-03-04,ARG Sipora Jaya,6.8
2019-03-05,ARG Sipora Jaya,0.40000000000000024
2019-03-06,ARG Sipora Jaya,0.0
2019-03-07,ARG Sipora Jaya,0.0
2019-03-08,ARG Sipora Jaya,0.0
2019-03-09,ARG Sipora Jaya,13.0
2019-03-10,ARG Sipora Jaya,58.79999999999999
2019-03-11,ARG Sipora Jaya,24.8
2019-03-12,ARG Sipora Jaya,66.0
2019-03-13,ARG Sipora Jaya,0.2
2019-03-14,ARG Sipora Jaya,2.6
2019-03-15,ARG Sipora Jaya,0.2
2019-03-16,ARG Sipora Jaya,0.0
2019-03-17,ARG Sipora Jaya,0.0
2019-03-18,ARG Sipora Jaya,19.8
2019-03-19,ARG Sipora Jaya,0.0
2019-03-20,ARG Sipora Jaya,16.0
2019-03-21,ARG Sipora Jaya,20.0
2019-03-22,ARG Sipora Jaya,2.0
2019-03-23,ARG Sipora Jaya,6.400000000000001
2019-03-24,ARG Sipora Jaya,14.600000000000001
2019-03-25,ARG Sipora Jaya,0.0
2019-03-26,ARG Sipora Jaya,0.2
2019-03-27,ARG Sipora Jaya,3.8
2019-03-28,ARG Sipora Jaya,5.800000000000001
2019-03-29,ARG Sipora Jaya,1.7999999999999998
2019-03-30,ARG Sipora Jaya,7.4
2019-03-31,ARG Sipora Jaya,0.4
2019-04-01,ARG Sipora Jaya,7.0
2019-04-02,ARG Sipora Jaya,0.0
2019-04-03,ARG Sipora Jaya,18.8
2019-04-04,ARG Sipora Jaya,21.4
2019-04-05,ARG Sipora Jaya,0.2
2019-04-06,ARG Sipora Jaya,0.0
2019-04-07,ARG Sipora Jaya,30.40000000000001
2019-04-08,ARG Sipora Jaya,0.2
2019-04-09,ARG Sipora Jaya,0.0
2019-04-10,ARG Sipora Jaya,0.0
2019-04-11,ARG Sipora Jaya,0.0
2019-04-12,ARG Sipora Jaya,0.0
2019-04-13,ARG Sipora Jaya,0.0
2019-04-14,ARG Sipora Jaya,0.0
2019-04-15,ARG Sipora Jaya,0.0
2019-04-16,ARG Sipora Jaya,0.0
2019-04-17,ARG Sipora Jaya,0.0
2019-04-18,ARG Sipora Jaya,0.0
2019-04-19,ARG Sipora Jaya,0.0
2019-04-20,ARG Sipora Jaya,0.0
2019-04-21,ARG Sipora Jaya,0.0
2019-04-22,ARG Sipora Jaya,0.0
2019-04-23,ARG Sipora Jaya,0.0
2019-04-24,ARG Sipora Jaya,0.0
2019-04-25,ARG Sipora Jaya,0.0
2019-04-26,ARG Sipora Jaya,0.0
2019-04-27,ARG Sipora Jaya,0.0
2019-04-28,ARG Sipora Jaya,0.0
2019-04-29,ARG Sipora Jaya,0.0
2019-04-30,ARG Sipora Jaya,0.0
2019-05-01,ARG Sipora Jaya,0.0
2019-05-02,ARG Sipora Jaya,0.0
2019-05-03,ARG Sipora Jaya,0.0
2019-05-04,ARG Sipora Jaya,0.0
2019-05-05,ARG Sipora Jaya,0.0
2019-05-06,ARG Sipora Jaya,0.0
2019-05-07,ARG Sipora Jaya,0.0
2019-05-08,ARG Sipora Jaya,0.0
2019-05-09,ARG Sipora Jaya,0.0
2019-05-10,ARG Sipora Jaya,0.0
2019-05-11,ARG Sipora Jaya,0.0
2019-05-12,ARG Sipora Jaya,0.0
2019-05-13,ARG Sipora Jaya,0.0
2019-05-14,ARG Sipora Jaya,0.0
2019-05-15,ARG Sipora Jaya,0.0
2019-05-16,ARG Sipora Jaya,0.0
2019-05-17,ARG Sipora Jaya,0.0
2019-05-18,ARG Sipora Jaya,0.0
2019-05-19,ARG Sipora Jaya,0.0
2019-05-20,ARG Sipora Jaya,0.0
2019-05-21,ARG Sipora Jaya,0.0
2019-05-22,ARG Sipora Jaya,0.0
2019-05-23,ARG Sipora Jaya,0.0
2019-05-24,ARG Sipora Jaya,0.0
2019-05-25,ARG Sipora Jaya,0.0
2019-05-26,ARG Sipora Jaya,0.0
2019-05-27,ARG Sipora Jaya,0.0
2019-05-28,ARG Sipora Jaya,0.0
2019-05-29,ARG Sipora Jaya,0.0
2019-05-30,ARG Sipora Jaya,0.0
2019-05-31,ARG Sipora Jaya,0.0
2019-06-01,ARG Sipora Jaya,0.0
2019-06-02,ARG Sipora Jaya,0.0
2019-06-03,ARG Sipora Jaya,0.0
2019-06-04,ARG Sipora Jaya,0.0
2019-06-05,ARG Sipora Jaya,0.0
2019-06-06,ARG Sipora Jaya,0.0
2019-06-07,ARG Sipora Jaya,0.0
2019-06-08,ARG Sipora Jaya,0.0
2019-06-09,ARG Sipora Jaya,0.0
2019-06-10,ARG Sipora Jaya,0.0
2019-06-11,ARG Sipora Jaya,0.0
2019-06-12,ARG Sipora Jaya,0.0
2019-06-13,ARG Sipora Jaya,0.0
2019-06-14,ARG Sipora Jaya,0.0
2019-06-15,ARG Sipora Jaya,0.0
2019-06-16,ARG Sipora Jaya,0.0
2019-06-17,ARG Sipora Jaya,0.0
2019-06-18,ARG Sipora Jaya,0.0
2019-06-19,ARG Sipora Jaya,0.0
2019-06-20,ARG Sipora Jaya,0.0
2019-06-21,ARG Sipora Jaya,0.0
2019-06-22,ARG Sipora Jaya,0.0
2019-06-23,ARG Sipora Jaya,0.0
2019-06-24,ARG Sipora Jaya,0.0
2019-06-25,ARG Sipora Jaya,0.0
2019-06-26,ARG Sipora Jaya,0.0
2019-06-27,ARG Sipora Jaya,0.0
2019-06-28,ARG Sipora Jaya,0.0
2019-06-29,ARG Sipora Jaya,0.0
2019-06-30,ARG Sipora Jaya,0.0
2019-07-01,ARG Sipora Jaya,0.0
2019-07-02,ARG Sipora Jaya,0.0
2019-07-03,ARG Sipora Jaya,0.0
2019-07-04,ARG Sipora Jaya,0.0
2019-07-05,ARG Sipora Jaya,0.0
2019-07-06,ARG Sipora Jaya,0.0
2019-07-07,ARG Sipora Jaya,0.0
2019-07-08,ARG Sipora Jaya,0.0
2019-07-09,ARG Sipora Jaya,0.0
2019-07-10,ARG Sipora Jaya,0.0
2019-07-11,ARG Sipora Jaya,0.0
2019-07-12,ARG Sipora Jaya,0.0
2019-07-13,ARG Sipora Jaya,0.0
2019-07-14,ARG Sipora Jaya,0.0
2019-07-15,ARG Sipora Jaya,0.0
2019-07-16,ARG Sipora Jaya,0.0
2019-07-17,ARG Sipora Jaya,0.0
2019-07-18,ARG Sipora Jaya,0.0
2019-07-19,ARG Sipora Jaya,0.0
2019-07-20,ARG Sipora Jaya,0.0
2019-07-21,ARG Sipora Jaya,0.0
2019-07-22,ARG Sipora Jaya,0.0
2019-07-23,ARG Sipora Jaya,0.0
2019-07-24,ARG Sipora Jaya,0.0
2019-07-25,ARG Sipora Jaya,0.0
2019-07-26,ARG Sipora Jaya,0.0
2019-07-27,ARG Sipora Jaya,0.0
2019-07-28,ARG Sipora Jaya,0.0
2019-07-29,ARG Sipora Jaya,0.0
2019-07-30,ARG Sipora Jaya,0.0
2019-07-31,ARG Sipora Jaya,0.0
2019-08-01,ARG Sipora Jaya,0.0
2019-08-02,ARG Sipora Jaya,0.0
2019-08-03,ARG Sipora Jaya,0.0
2019-08-04,ARG Sipora Jaya,0.0
2019-08-05,ARG Sipora Jaya,0.0
2019-08-06,ARG Sipora Jaya,0.0
2019-08-07,ARG Sipora Jaya,0.0
2019-08-08,ARG Sipora Jaya,0.0
2019-08-09,ARG Sipora Jaya,0.0
2019-08-10,ARG Sipora Jaya,0.0
2019-08-11,ARG Sipora Jaya,0.0
2019-08-12,ARG Sipora Jaya,0.0
2019-08-13,ARG Sipora Jaya,0.0
2019-08-14,ARG Sipora Jaya,0.0
2019-08-15,ARG Sipora Jaya,0.0
2019-08-16,ARG Sipora Jaya,0.0
2019-08-17,ARG Sipora Jaya,0.0
2019-08-18,ARG Sipora Jaya,0.0
2019-08-19,ARG Sipora Jaya,0.0
2019-08-20,ARG Sipora Jaya,0.0
2019-08-21,ARG Sipora Jaya,0.0
2019-08-22,ARG Sipora Jaya,0.0
2019-08-23,ARG Sipora Jaya,0.0
2019-08-24,ARG Sipora Jaya,0.0
2019-08-25,ARG Sipora Jaya,0.0
2019-08-26,ARG Sipora Jaya,0.0
2019-08-27,ARG Sipora Jaya,0.0
2019-08-28,ARG Sipora Jaya,0.0
2019-08-29,ARG Sipora Jaya,0.0
2019-08-30,ARG Sipora Jaya,0.0
2019-08-31,ARG Sipora Jaya,0.0
2019-09-01,ARG Sipora Jaya,0.0
2019-09-02,ARG Sipora Jaya,0.0
2019-09-03,ARG Sipora Jaya,0.0
2019-09-04,ARG Sipora Jaya,0.0
2019-09-05,ARG Sipora Jaya,0.0
2019-09-06,ARG Sipora Jaya,0.0
2019-09-07,ARG Sipora Jaya,0.0
2019-09-08,ARG Sipora Jaya,0.0
2019-09-09,ARG Sipora Jaya,0.0
2019-09-10,ARG Sipora Jaya,0.0
2019-09-11,ARG Sipora Jaya,0.0
2019-09-12,ARG Sipora Jaya,0.0
2019-09-13,ARG Sipora Jaya,0.0
2019-09-14,ARG Sipora Jaya,0.0
2019-09-15,ARG Sipora Jaya,0.0
2019-09-16,ARG Sipora Jaya,0.0
2019-09-17,ARG Sipora Jaya,0.0
2019-09-18,ARG Sipora Jaya,0.0
2019-09-19,ARG Sipora Jaya,0.0
2019-09-20,ARG Sipora Jaya,0.0
2019-09-21,ARG Sipora Jaya,0.0
2019-09-22,ARG Sipora Jaya,0.0
2019-09-23,ARG Sipora Jaya,0.0
2019-09-24,ARG Sipora Jaya,0.0
2019-09-25,ARG Sipora Jaya,0.0
2019-09-26,ARG Sipora Jaya,0.0
2019-09-27,ARG Sipora Jaya,0.0
2019-09-28,ARG Sipora Jaya,0.0
2019-09-29,ARG Sipora Jaya,0.0
2019-09-30,ARG Sipora Jaya,0.0
2019-10-01,ARG Sipora Jaya,0.0
2019-10-02,ARG Sipora Jaya,0.0
2019-10-03,ARG Sipora Jaya,0.0
2019-10-04,ARG Sipora Jaya,0.0
2019-10-05,ARG Sipora Jaya,0.0
2019-10-06,ARG Sipora Jaya,0.0
2019-10-07,ARG Sipora Jaya,0.0
2019-10-08,ARG Sipora Jaya,0.0
2019-10-09,ARG Sipora Jaya,0.0
2019-10-10,ARG Sipora Jaya,0.0
2019-10-11,ARG Sipora Jaya,0.0
2019-10-12,ARG Sipora Jaya,0.0
2019-10-13,ARG Sipora Jaya,0.0
2019-10-14,ARG Sipora Jaya,0.0
2019-10-15,ARG Sipora Jaya,0.0
2019-10-16,ARG Sipora Jaya,0.0
2019-10-17,ARG Sipora Jaya,0.0
2019-10-18,ARG Sipora Jaya,0.0
2019-10-19,ARG Sipora Jaya,0.0
2019-10-20,ARG Sipora Jaya,0.0
2019-10-21,ARG Sipora Jaya,0.0
2019-10-22,ARG Sipora Jaya,0.0
2019-10-23,ARG Sipora Jaya,0.0
2019-10-24,ARG Sipora Jaya,0.0
2019-10-25,ARG Sipora Jaya,0.0
2019-10-26,ARG Sipora Jaya,0.0
2019-10-27,ARG Sipora Jaya,0.0
2019-10-28,ARG Sipora Jaya,0.0
2019-10-29,ARG Sipora Jaya,0.0
2019-10-30,ARG Sipora Jaya,0.0
2019-10-31,ARG Sipora Jaya,0.0
2019-11-01,ARG Sipora Jaya,0.0
2019-11-02,ARG Sipora Jaya,0.0
2019-11-03,ARG Sipora Jaya,0.0
2019-11-04,ARG Sipora Jaya,0.0
2019-11-05,ARG Sipora Jaya,0.0
2019-11-06,ARG Sipora Jaya,0.0
2019-11-07,ARG Sipora Jaya,0.0
2019-11-08,ARG Sipora Jaya,0.0
2019-11-09,ARG Sipora Jaya,0.0
2019-11-10,ARG Sipora Jaya,0.0
2019-11-11,ARG Sipora Jaya,0.0
2019-11-12,ARG Sipora Jaya,0.0
2019-11-13,ARG Sipora Jaya,0.0
2019-11-14,ARG Sipora Jaya,0.0
2019-11-15,ARG Sipora Jaya,0.0
2019-11-16,ARG Sipora Jaya,0.0
2019-11-17,ARG Sipora Jaya,0.0
2019-11-18,ARG Sipora Jaya,0.0
2019-11-19,ARG Sipora Jaya,0.0
2019-11-20,ARG Sipora Jaya,0.0
2019-11-21,ARG Sipora Jaya,0.0
2019-11-22,ARG Sipora Jaya,0.0
2019-11-23,ARG Sipora Jaya,0.0
2019-11-24,ARG Sipora Jaya,0.0
2019-11-25,ARG Sipora Jaya,0.2
2019-11-26,ARG Sipora Jaya,0.0
2019-11-27,ARG Sipora Jaya,0.0
2019-11-28,ARG Sipora Jaya,0.0
2019-11-29,ARG Sipora Jaya,0.0
2019-11-30,ARG Sipora Jaya,0.0
2019-12-01,ARG Sipora Jaya,0.0
2019-12-02,ARG Sipora Jaya,0.0
2019-12-03,ARG Sipora Jaya,0.0
2019-12-04,ARG Sipora Jaya,0.0
2019-12-05,ARG Sipora Jaya,0.0
2019-12-06,ARG Sipora Jaya,0.0
2019-12-07,ARG Sipora Jaya,0.0
2019-12-08,ARG Sipora Jaya,0.0
2019-12-09,ARG Sipora Jaya,0.0
2019-12-10,ARG Sipora Jaya,0.0
2019-12-11,ARG Sipora Jaya,0.0
2019-12-12,ARG Sipora Jaya,0.0
2019-12-13,ARG Sipora Jaya,0.0
2019-12-14,ARG Sipora Jaya,0.0
2019-12-15,ARG Sipora Jaya,0.0
2019-12-16,ARG Sipora Jaya,0.0
2019-12-17,ARG Sipora Jaya,0.0
2019-12-18,ARG Sipora Jaya,0.0
2019-12-19,ARG Sipora Jaya,0.0
2019-12-20,ARG Sipora Jaya,0.0
2019-12-21,ARG Sipora Jaya,0.0
2019-12-22,ARG Sipora Jaya,0.0
2019-12-23,ARG Sipora Jaya,0.0
2019-12-24,ARG Sipora Jaya,0.0
2019-12-25,ARG Sipora Jaya,0.0
2019-12-26,ARG Sipora Jaya,0.0
2019-12-27,ARG Sipora Jaya,0.0
2019-12-28,ARG Sipora Jaya,0.0
2019-12-29,ARG Sipora Jaya,0.0
2019-12-30,ARG Sipora Jaya,0.0
2019-12-31,ARG Sipora Jaya,0.0
2020-01-01,ARG Sipora Jaya,0.0
2020-01-02,ARG Sipora Jaya,0.0
2020-01-03,ARG Sipora Jaya,0.0
2020-01-04,ARG Sipora Jaya,0.0
2020-01-05,ARG Sipora Jaya,0.0
2020-01-06,ARG Sipora Jaya,0.0
2020-01-07,ARG Sipora Jaya,0.0
2020-01-08,ARG Sipora Jaya,0.0
2020-01-09,ARG Sipora Jaya,0.0
2020-01-10,ARG Sipora Jaya,0.0
2020-01-11,ARG Sipora Jaya,0.0
2020-01-12,ARG Sipora Jaya,0.0
2020-01-13,ARG Sipora Jaya,0.0
2020-01-14,ARG Sipora Jaya,0.0
2020-01-15,ARG Sipora Jaya,0.0
2020-01-16,ARG Sipora Jaya,0.0
2020-01-17,ARG Sipora Jaya,0.0
2020-01-18,ARG Sipora Jaya,0.0
2020-01-19,ARG Sipora Jaya,0.0
2020-01-20,ARG Sipora Jaya,0.0
2020-01-21,ARG Sipora Jaya,0.0
2020-01-22,ARG Sipora Jaya,0.0
2020-01-23,ARG Sipora Jaya,0.0
2020-01-24,ARG Sipora Jaya,0.0
2020-01-25,ARG Sipora Jaya,0.0
2020-01-26,ARG Sipora Jaya,0.0
2020-01-27,ARG Sipora Jaya,0.0
2020-01-28,ARG Sipora Jaya,0.0
2020-01-29,ARG Sipora Jaya,0.0
2020-01-30,ARG Sipora Jaya,0.0
2020-01-31,ARG Sipora Jaya,0.0
2020-02-01,ARG Sipora Jaya,0.0
2020-02-02,ARG Sipora Jaya,0.0
2020-02-03,ARG Sipora Jaya,0.0
2020-02-04,ARG Sipora Jaya,0.0
2020-02-05,ARG Sipora Jaya,0.0
2020-02-06,ARG Sipora Jaya,0.0
2020-02-07,ARG Sipora Jaya,0.0
2020-02-08,ARG Sipora Jaya,0.0
2020-02-09,ARG Sipora Jaya,0.0
2020-02-10,ARG Sipora Jaya,0.0
2020-02-11,ARG Sipora Jaya,0.0
2020-02-12,ARG Sipora Jaya,0.0
2020-02-13,ARG Sipora Jaya,0.0
2020-02-14,ARG Sipora Jaya,0.0
2020-02-15,ARG Sipora Jaya,0.0
2020-02-16,ARG Sipora Jaya,0.0
2020-02-17,ARG Sipora Jaya,0.0
2020-02-18,ARG Sipora Jaya,0.0
2020-02-19,ARG Sipora Jaya,0.0
2020-02-20,ARG Sipora Jaya,0.0
2020-02-21,ARG Sipora Jaya,0.0
2020-02-22,ARG Sipora Jaya,0.0
2020-02-23,ARG Sipora Jaya,0.0
2020-02-24,ARG Sipora Jaya,0.0
2020-02-25,ARG Sipora Jaya,0.0
2020-02-26,ARG Sipora Jaya,0.0
2020-02-27,ARG Sipora Jaya,0.0
2020-02-28,ARG Sipora Jaya,0.0
2020-02-29,ARG Sipora Jaya,0.0
2020-03-01,ARG Sipora Jaya,0.0
2020-03-02,ARG Sipora Jaya,0.0
2020-03-03,ARG Sipora Jaya,0.0
2020-03-04,ARG Sipora Jaya,0.0
2020-03-05,ARG Sipora Jaya,0.0
2020-03-06,ARG Sipora Jaya,0.0
2020-03-07,ARG Sipora Jaya,0.0
2020-03-08,ARG Sipora Jaya,0.0
2020-03-09,ARG Sipora Jaya,4.199999999999999
2020-03-10,ARG Sipora Jaya,0.0
2020-03-11,ARG Sipora Jaya,0.0
2020-03-12,ARG Sipora Jaya,0.0
2020-03-13,ARG Sipora Jaya,0.0
2020-03-14,ARG Sipora Jaya,1.2
2020-03-15,ARG Sipora Jaya,0.0
2020-03-16,ARG Sipora Jaya,14.0
2020-03-17,ARG Sipora Jaya,9.6
2020-03-18,ARG Sipora Jaya,60.2
2020-03-19,ARG Sipora Jaya,5.7999999999999945
2020-03-20,ARG Sipora Jaya,0.0
2020-03-21,ARG Sipora Jaya,4.2
2020-03-22,ARG Sipora Jaya,0.0
2020-03-23,ARG Sipora Jaya,0.8
2020-03-24,ARG Sipora Jaya,0.0
2020-03-25,ARG Sipora Jaya,2.6000000000000005
2020-03-26,ARG Sipora Jaya,37.2
2020-03-27,ARG Sipora Jaya,14.2
2020-03-28,ARG Sipora Jaya,0.8000000000000002
2020-03-29,ARG Sipora Jaya,54.0
2020-03-30,ARG Sipora Jaya,0.0
2020-03-31,ARG Sipora Jaya,6.8
2020-04-01,ARG Sipora Jaya,0.0
2020-04-02,ARG Sipora Jaya,8.6
2020-04-03,ARG Sipora Jaya,0.0
2020-04-04,ARG Sipora Jaya,3.0
2020-04-05,ARG Sipora Jaya,35.0
2020-04-06,ARG Sipora Jaya,30.0
2020-04-07,ARG Sipora Jaya,13.2
2020-04-08,ARG Sipora Jaya,0.0
2020-04-09,ARG Sipora Jaya,25.0
2020-04-10,ARG Sipora Jaya,12.8
2020-04-11,ARG Sipora Jaya,0.0
2020-04-12,ARG Sipora Jaya,0.2
2020-04-13,ARG Sipora Jaya,0.0
2020-04-14,ARG Sipora Jaya,0.0
2020-04-15,ARG Sipora Jaya,0.0
2020-04-16,ARG Sipora Jaya,0.0
2020-04-17,ARG Sipora Jaya,0.0
2020-04-18,ARG Sipora Jaya,0.0
2020-04-19,ARG Sipora Jaya,0.0
2020-04-20,ARG Sipora Jaya,0.0
2020-04-21,ARG Sipora Jaya,0.0
2020-04-22,ARG Sipora Jaya,0.0
2020-04-23,ARG Sipora Jaya,0.0
2020-04-24,ARG Sipora Jaya,0.0
2020-04-25,ARG Sipora Jaya,0.0
2020-04-26,ARG Sipora Jaya,0.0
2020-04-27,ARG Sipora Jaya,0.0
2020-04-28,ARG Sipora Jaya,0.0
2020-04-29,ARG Sipora Jaya,0.0
2020-04-30,ARG Sipora Jaya,0.0
2020-05-01,ARG Sipora Jaya,0.0
2020-05-02,ARG Sipora Jaya,0.0
2020-05-03,ARG Sipora Jaya,0.0
2020-05-04,ARG Sipora Jaya,0.0
2020-05-05,ARG Sipora Jaya,0.0
2020-05-06,ARG Sipora Jaya,0.0
2020-05-07,ARG Sipora Jaya,0.0
2020-05-08,ARG Sipora Jaya,0.0
2020-05-09,ARG Sipora Jaya,0.0
2020-05-10,ARG Sipora Jaya,0.0
2020-05-11,ARG Sipora Jaya,0.0
2020-05-12,ARG Sipora Jaya,0.0
2020-05-13,ARG Sipora Jaya,0.0
2020-05-14,ARG Sipora Jaya,0.0
2020-05-15,ARG Sipora Jaya,0.0
2020-05-16,ARG Sipora Jaya,0.0
2020-05-17,ARG Sipora Jaya,0.0
2020-05-18,ARG Sipora Jaya,0.0
2020-05-19,ARG Sipora Jaya,0.0
2020-05-20,ARG Sipora Jaya,0.0
2020-05-21,ARG Sipora Jaya,0.0
2020-05-22,ARG Sipora Jaya,0.0
2020-05-23,ARG Sipora Jaya,0.0
2020-05-24,ARG Sipora Jaya,0.0
2020-05-25,ARG Sipora Jaya,0.0
2020-05-26,ARG Sipora Jaya,0.0
2020-05-27,ARG Sipora Jaya,0.0
2020-05-28,ARG Sipora Jaya,0.0
2020-05-29,ARG Sipora Jaya,0.0
2020-05-30,ARG Sipora Jaya,0.0
2020-05-31,ARG Sipora Jaya,0.0
2020-06-01,ARG Sipora Jaya,0.0
2020-06-02,ARG Sipora Jaya,0.0
2020-06-03,ARG Sipora Jaya,0.0
2020-06-04,ARG Sipora Jaya,0.0
2020-06-05,ARG Sipora Jaya,0.0
2020-06-06,ARG Sipora Jaya,0.0
2020-06-07,ARG Sipora Jaya,0.0
2020-06-08,ARG Sipora Jaya,0.0
2020-06-09,ARG Sipora Jaya,0.0
2020-06-10,ARG Sipora Jaya,0.0
2020-06-11,ARG Sipora Jaya,0.0
2020-06-12,ARG Sipora Jaya,0.0
2020-06-13,ARG Sipora Jaya,0.0
2020-06-14,ARG Sipora Jaya,0.0
2020-06-15,ARG Sipora Jaya,0.0
2020-06-16,ARG Sipora Jaya,0.0
2020-06-17,ARG Sipora Jaya,0.0
2020-06-18,ARG Sipora Jaya,0.0
2020-06-19,ARG Sipora Jaya,0.0
2020-06-20,ARG Sipora Jaya,0.0
2020-06-21,ARG Sipora Jaya,0.0
2020-06-22,ARG Sipora Jaya,0.0
2020-06-23,ARG Sipora Jaya,0.0
2020-06-24,ARG Sipora Jaya,0.0
2020-06-25,ARG Sipora Jaya,0.0
2020-06-26,ARG Sipora Jaya,0.0
2020-06-27,ARG Sipora Jaya,0.0
2020-06-28,ARG Sipora Jaya,0.0
2020-06-29,ARG Sipora Jaya,0.0
2020-06-30,ARG Sipora Jaya,0.0
2020-07-01,ARG Sipora Jaya,0.0
2020-07-02,ARG Sipora Jaya,0.0
2020-07-03,ARG Sipora Jaya,0.0
2020-07-04,ARG Sipora Jaya,0.0
2020-07-05,ARG Sipora Jaya,0.0
2020-07-06,ARG Sipora Jaya,0.0
2020-07-07,ARG Sipora Jaya,0.0
2020-07-08,ARG Sipora Jaya,0.0
2020-07-09,ARG Sipora Jaya,0.0
2020-07-10,ARG Sipora Jaya,0.0
2020-07-11,ARG Sipora Jaya,0.0
2020-07-12,ARG Sipora Jaya,0.0
2020-07-13,ARG Sipora Jaya,0.0
2020-07-14,ARG Sipora Jaya,0.0
2020-07-15,ARG Sipora Jaya,0.0
2020-07-16,ARG Sipora Jaya,0.0
2020-07-17,ARG Sipora Jaya,0.0
2020-07-18,ARG Sipora Jaya,0.0
2020-07-19,ARG Sipora Jaya,0.0
2020-07-20,ARG Sipora Jaya,0.0
2020-07-21,ARG Sipora Jaya,0.0
2020-07-22,ARG Sipora Jaya,0.0
2020-07-23,ARG Sipora Jaya,0.0
2020-07-24,ARG Sipora Jaya,0.0
2020-07-25,ARG Sipora Jaya,0.0
2020-07-26,ARG Sipora Jaya,0.0
2020-07-27,ARG Sipora Jaya,0.0
2020-07-28,ARG Sipora Jaya,0.0
2020-07-29,ARG Sipora Jaya,0.0
2020-07-30,ARG Sipora Jaya,0.0
2020-07-31,ARG Sipora Jaya,0.0
2020-08-01,ARG Sipora Jaya,0.0
2020-08-02,ARG Sipora Jaya,0.0
2020-08-03,ARG Sipora Jaya,0.0
2020-08-04,ARG Sipora Jaya,0.0
2020-08-05,ARG Sipora Jaya,0.0
2020-08-06,ARG Sipora Jaya,0.0
2020-08-07,ARG Sipora Jaya,0.0
2020-08-08,ARG Sipora Jaya,0.0
2020-08-09,ARG Sipora Jaya,0.0
2020-08-10,ARG Sipora Jaya,0.0
2020-08-11,ARG Sipora Jaya,0.0
2020-08-12,ARG Sipora Jaya,0.0
2020-08-13,ARG Sipora Jaya,0.0
2020-08-14,ARG Sipora Jaya,0.0
2020-08-15,ARG Sipora Jaya,0.0
2020-08-16,ARG Sipora Jaya,0.0
2020-08-17,ARG Sipora Jaya,0.0
2020-08-18,ARG Sipora Jaya,0.0
2020-08-19,ARG Sipora Jaya,0.0
2020-08-20,ARG Sipora Jaya,0.0
2020-08-21,ARG Sipora Jaya,0.0
2020-08-22,ARG Sipora Jaya,0.0
2020-08-23,ARG Sipora Jaya,0.0
2020-08-24,ARG Sipora Jaya,0.0
2020-08-25,ARG Sipora Jaya,0.0
2020-08-26,ARG Sipora Jaya,0.0
2020-08-27,ARG Sipora Jaya,0.0
2020-08-28,ARG Sipora Jaya,0.0
2020-08-29,ARG Sipora Jaya,0.0
2020-08-30,ARG Sipora Jaya,0.0
2020-08-31,ARG Sipora Jaya,0.0
2020-09-01,ARG Sipora Jaya,0.0
2020-09-02,ARG Sipora Jaya,0.0
2020-09-03,ARG Sipora Jaya,0.0
2020-09-04,ARG Sipora Jaya,0.0
2020-09-05,ARG Sipora Jaya,0.0
2020-09-06,ARG Sipora Jaya,0.0
2020-09-07,ARG Sipora Jaya,0.0
2020-09-08,ARG Sipora Jaya,0.0
2020-09-09,ARG Sipora Jaya,0.0
2020-09-10,ARG Sipora Jaya,0.0
2020-09-11,ARG Sipora Jaya,0.0
2020-09-12,ARG Sipora Jaya,0.0
2020-09-13,ARG Sipora Jaya,0.0
2020-09-14,ARG Sipora Jaya,0.0
2020-09-15,ARG Sipora Jaya,0.0
2020-09-16,ARG Sipora Jaya,0.0
2020-09-17,ARG Sipora Jaya,0.0
2020-09-18,ARG Sipora Jaya,0.0
2020-09-19,ARG Sipora Jaya,0.0
2020-09-20,ARG Sipora Jaya,0.0
2020-09-21,ARG Sipora Jaya,0.0
2020-09-22,ARG Sipora Jaya,0.0
2020-09-23,ARG Sipora Jaya,0.0
2020-09-24,ARG Sipora Jaya,0.0
2020-09-25,ARG Sipora Jaya,0.0
2020-09-26,ARG Sipora Jaya,0.0
2020-09-27,ARG Sipora Jaya,0.0
2020-09-28,ARG Sipora Jaya,0.0
2020-09-29,ARG Sipora Jaya,0.0
2020-09-30,ARG Sipora Jaya,0.0
2020-10-01,ARG Sipora Jaya,0.0
2020-10-02,ARG Sipora Jaya,0.0
2020-10-03,ARG Sipora Jaya,0.0
2020-10-04,ARG Sipora Jaya,0.0
2020-10-05,ARG Sipora Jaya,0.0
2020-10-06,ARG Sipora Jaya,0.0
2020-10-07,ARG Sipora Jaya,0.0
2020-10-08,ARG Sipora Jaya,0.0
2020-10-09,ARG Sipora Jaya,0.0
2020-10-10,ARG Sipora Jaya,0.0
2020-10-11,ARG Sipora Jaya,0.0
2020-10-12,ARG Sipora Jaya,0.0
2020-10-13,ARG Sipora Jaya,0.0
2020-10-14,ARG Sipora Jaya,0.0
2020-10-15,ARG Sipora Jaya,0.0
2020-10-16,ARG Sipora Jaya,0.0
2020-10-17,ARG Sipora Jaya,0.0
2020-10-18,ARG Sipora Jaya,0.0
2020-10-19,ARG Sipora Jaya,0.0
2020-10-20,ARG Sipora Jaya,0.0
2020-10-21,ARG Sipora Jaya,0.0
2020-10-22,ARG Sipora Jaya,0.0
2020-10-23,ARG Sipora Jaya,0.0
2020-10-24,ARG Sipora Jaya,0.0
2020-10-25,ARG Sipora Jaya,0.0
2020-10-26,ARG Sipora Jaya,0.0
2020-10-27,ARG Sipora Jaya,0.0
2020-10-28,ARG Sipora Jaya,0.0
2020-10-29,ARG Sipora Jaya,0.0
2020-10-30,ARG Sipora Jaya,0.0
2020-10-31,ARG Sipora Jaya,0.0
2020-11-01,ARG Sipora Jaya,0.0
2020-11-02,ARG Sipora Jaya,0.0
2020-11-03,ARG Sipora Jaya,0.0
2020-11-04,ARG Sipora Jaya,0.0
2020-11-05,ARG Sipora Jaya,0.0
2020-11-06,ARG Sipora Jaya,0.0
2020-11-07,ARG Sipora Jaya,0.0
2020-11-08,ARG Sipora Jaya,0.0
2020-11-09,ARG Sipora Jaya,0.0
2020-11-10,ARG Sipora Jaya,0.0
2020-11-11,ARG Sipora Jaya,0.0
2020-11-12,ARG Sipora Jaya,0.0
2020-11-13,ARG Sipora Jaya,0.0
2020-11-14,ARG Sipora Jaya,0.0
2020-11-15,ARG Sipora Jaya,0.0
2020-11-16,ARG Sipora Jaya,0.0
2020-11-17,ARG Sipora Jaya,0.0
2020-11-18,ARG Sipora Jaya,0.0
2020-11-19,ARG Sipora Jaya,0.0
2020-11-20,ARG Sipora Jaya,0.0
2020-11-21,ARG Sipora Jaya,0.0
2020-11-22,ARG Sipora Jaya,0.0
2020-11-23,ARG Sipora Jaya,0.0
2020-11-24,ARG Sipora Jaya,0.0
2020-11-25,ARG Sipora Jaya,0.0
2020-11-26,ARG Sipora Jaya,0.0
2020-11-27,ARG Sipora Jaya,0.0
2020-11-28,ARG Sipora Jaya,0.0
2020-11-29,ARG Sipora Jaya,0.0
2020-11-30,ARG Sipora Jaya,0.0
2020-12-01,ARG Sipora Jaya,0.0
2020-12-02,ARG Sipora Jaya,0.0
2020-12-03,ARG Sipora Jaya,0.0
2020-12-04,ARG Sipora Jaya,0.0
2020-12-05,ARG Sipora Jaya,0.0
2020-12-06,ARG Sipora Jaya,0.0
2020-12-07,ARG Sipora Jaya,0.0
2020-12-08,ARG Sipora Jaya,0.0
2020-12-09,ARG Sipora Jaya,0.0
2020-12-10,ARG Sipora Jaya,0.0
2020-12-11,ARG Sipora Jaya,0.0
2020-12-12,ARG Sipora Jaya,0.0
2020-12-13,ARG Sipora Jaya,0.0
2020-12-14,ARG Sipora Jaya,0.0
2020-12-15,ARG Sipora Jaya,0.0
2020-12-16,ARG Sipora Jaya,4.800000000000001
2020-12-17,ARG Sipora Jaya,18.0
2020-12-18,ARG Sipora Jaya,3.0
2020-12-19,ARG Sipora Jaya,0.2
2020-12-20,ARG Sipora Jaya,0.0
2020-12-21,ARG Sipora Jaya,0.0
2020-12-22,ARG Sipora Jaya,0.0
2020-12-23,ARG Sipora Jaya,6.0
2020-12-24,ARG Sipora Jaya,11.8
2020-12-25,ARG Sipora Jaya,1.6
2020-12-26,ARG Sipora Jaya,9.6
2020-12-27,ARG Sipora Jaya,0.0
2020-12-28,ARG Sipora Jaya,23.6
2020-12-29,ARG Sipora Jaya,7.6000000000000005
2020-12-30,ARG Sipora Jaya,0.6
2020-12-31,ARG Sipora Jaya,2.6
2021-01-01,ARG Sipora Jaya,0.0
2021-01-02,ARG Sipora Jaya,0.0
2021-01-03,ARG Sipora Jaya,0.0
2021-01-04,ARG Sipora Jaya,0.0
2021-01-05,ARG Sipora Jaya,0.0
2021-01-06,ARG Sipora Jaya,20.0
2021-01-07,ARG Sipora Jaya,0.6000000000000001
2021-01-08,ARG Sipora Jaya,20.8
2021-01-09,ARG Sipora Jaya,0.0
2021-01-10,ARG Sipora Jaya,0.0
2021-01-11,ARG Sipora Jaya,6.0
2021-01-12,ARG Sipora Jaya,2.6
2021-01-13,ARG Sipora Jaya,0.0
2021-01-14,ARG Sipora Jaya,0.0
2021-01-15,ARG Sipora Jaya,0.0
2021-01-16,ARG Sipora Jaya,0.0
2021-01-17,ARG Sipora Jaya,33.6
2021-01-18,ARG Sipora Jaya,0.0
2021-01-19,ARG Sipora Jaya,0.0
2021-01-20,ARG Sipora Jaya,0.6
2021-01-21,ARG Sipora Jaya,0.0
2021-01-22,ARG Sipora Jaya,4.0
2021-01-23,ARG Sipora Jaya,14.2
2021-01-24,ARG Sipora Jaya,0.0
2021-01-25,ARG Sipora Jaya,1.4000000000000001
2021-01-26,ARG Sipora Jaya,6.8
2021-01-27,ARG Sipora Jaya,35.400000000000006
2021-01-28,ARG Sipora Jaya,11.8
2021-01-29,ARG Sipora Jaya,0.0
2021-01-30,ARG Sipora Jaya,15.4
2021-01-31,ARG Sipora Jaya,0.0
2021-02-01,ARG Sipora Jaya,1.4
2021-02-02,ARG Sipora Jaya,15.6
2021-02-03,ARG Sipora Jaya,0.0
2021-02-04,ARG Sipora Jaya,0.0
2021-02-05,ARG Sipora Jaya,0.0
2021-02-06,ARG Sipora Jaya,0.0
2021-02-07,ARG Sipora Jaya,6.4
2021-02-08,ARG Sipora Jaya,0.0
2021-02-09,ARG Sipora Jaya,0.0
2021-02-10,ARG Sipora Jaya,0.0
2021-02-11,ARG Sipora Jaya,0.0
2021-02-12,ARG Sipora Jaya,0.0
2021-02-13,ARG Sipora Jaya,0.0
2021-02-14,ARG Sipora Jaya,0.0
2021-02-15,ARG Sipora Jaya,0.0
2021-02-16,ARG Sipora Jaya,0.6
2021-02-17,ARG Sipora Jaya,14.6
2021-02-18,ARG Sipora Jaya,0.0
2021-02-19,ARG Sipora Jaya,38.2
2021-02-20,ARG Sipora Jaya,8.999999999999998
2021-02-21,ARG Sipora Jaya,0.2
2021-02-22,ARG Sipora Jaya,43.8
2021-02-23,ARG Sipora Jaya,21.6
2021-02-24,ARG Sipora Jaya,53.199999999999996
2021-02-25,ARG Sipora Jaya,35.199999999999996
2021-02-26,ARG Sipora Jaya,12.8
2021-02-27,ARG Sipora Jaya,0.2
2021-02-28,ARG Sipora Jaya,0.0
2021-03-01,ARG Sipora Jaya,0.0
2021-03-02,ARG Sipora Jaya,32.4
2021-03-03,ARG Sipora Jaya,0.0
2021-03-04,ARG Sipora Jaya,0.2
2021-03-05,ARG Sipora Jaya,0.6000000000000001
2021-03-06,ARG Sipora Jaya,72.6
2021-03-07,ARG Sipora Jaya,0.6000000000000001
2021-03-08,ARG Sipora Jaya,0.6000000000000001
2021-03-09,ARG Sipora Jaya,0.4
2021-03-10,ARG Sipora Jaya,12.2
2021-03-11,ARG Sipora Jaya,13.0
2021-03-12,ARG Sipora Jaya,4.6
2021-03-13,ARG Sipora Jaya,6.3999999999999995
2021-03-14,ARG Sipora Jaya,0.0
2021-03-15,ARG Sipora Jaya,0.0
2021-03-16,ARG Sipora Jaya,8.0
2021-03-17,ARG Sipora Jaya,0.6000000000000001
2021-03-18,ARG Sipora Jaya,2.0000000000000004
2021-03-19,ARG Sipora Jaya,17.0
2021-03-20,ARG Sipora Jaya,3.6000000000000005
2021-03-21,ARG Sipora Jaya,0.4
2021-03-22,ARG Sipora Jaya,5.2
2021-03-23,ARG Sipora Jaya,31.4
2021-03-24,ARG Sipora Jaya,37.2
2021-03-25,ARG Sipora Jaya,6.8
2021-03-26,ARG Sipora Jaya,2.0
2021-03-27,ARG Sipora Jaya,0.2
2021-03-28,ARG Sipora Jaya,10.2
2021-03-29,ARG Sipora Jaya,19.8
2021-03-30,ARG Sipora Jaya,14.2
2021-03-31,ARG Sipora Jaya,109.8
2021-04-01,ARG Sipora Jaya,0.2
2021-04-02,ARG Sipora Jaya,21.0
2021-04-03,ARG Sipora Jaya,42.2
2021-04-04,ARG Sipora Jaya,21.4
2021-04-05,ARG Sipora Jaya,11.000000000000004
2021-04-06,ARG Sipora Jaya,0.2
2021-04-07,ARG Sipora Jaya,0.4
2021-04-08,ARG Sipora Jaya,4.0
2021-04-09,ARG Sipora Jaya,0.0
2021-04-10,ARG Sipora Jaya,0.0
2021-04-11,ARG Sipora Jaya,14.2
2021-04-12,ARG Sipora Jaya,8.2
2021-04-13,ARG Sipora Jaya,0.0
2021-04-14,ARG Sipora Jaya,0.0
2021-04-15,ARG Sipora Jaya,0.0
2021-04-16,ARG Sipora Jaya,16.4
2021-04-17,ARG Sipora Jaya,9.8
2021-04-18,ARG Sipora Jaya,0.0
2021-04-19,ARG Sipora Jaya,5.6
2021-04-20,ARG Sipora Jaya,0.0
2021-04-21,ARG Sipora Jaya,0.0
2021-04-22,ARG Sipora Jaya,12.2
2021-04-23,ARG Sipora Jaya,0.0
2021-04-24,ARG Sipora Jaya,11.4
2021-04-25,ARG Sipora Jaya,25.0
2021-04-26,ARG Sipora Jaya,8.399999999999999
2021-04-27,ARG Sipora Jaya,18.4
2021-04-28,ARG Sipora Jaya,0.0
2021-04-29,ARG Sipora Jaya,76.8
2021-04-30,ARG Sipora Jaya,3.0000000000000027
2021-05-01,ARG Sipora Jaya,55.6
2021-05-02,ARG Sipora Jaya,6.6000000000000005
2021-05-03,ARG Sipora Jaya,0.0
2021-05-04,ARG Sipora Jaya,0.2
2021-05-05,ARG Sipora Jaya,8.8
2021-05-06,ARG Sipora Jaya,0.8000000000000002
2021-05-07,ARG Sipora Jaya,32.8
2021-05-08,ARG Sipora Jaya,1.2000000000000002
2021-05-09,ARG Sipora Jaya,0.0
2021-05-10,ARG Sipora Jaya,0.0
2021-05-11,ARG Sipora Jaya,62.8
2021-05-12,ARG Sipora Jaya,19.000000000000007
2021-05-13,ARG Sipora Jaya,22.0
2021-05-14,ARG Sipora Jaya,0.4
2021-05-15,ARG Sipora Jaya,4.800000000000001
2021-05-16,ARG Sipora Jaya,56.6
2021-05-17,ARG Sipora Jaya,2.8
2021-05-18,ARG Sipora Jaya,0.8000000000000002
2021-05-19,ARG Sipora Jaya,0.0
2021-05-20,ARG Sipora Jaya,0.0
2021-05-21,ARG Sipora Jaya,11.6
2021-05-22,ARG Sipora Jaya,1.4
2021-05-23,ARG Sipora Jaya,0.0
2021-05-24,ARG Sipora Jaya,0.0
2021-05-25,ARG Sipora Jaya,0.0
2021-05-26,ARG Sipora Jaya,2.2
2021-05-27,ARG Sipora Jaya,1.2000000000000002
2021-05-28,ARG Sipora Jaya,32.800000000000004
2021-05-29,ARG Sipora Jaya,0.0
2021-05-30,ARG Sipora Jaya,0.0
2021-05-31,ARG Sipora Jaya,2.0
2021-06-01,ARG Sipora Jaya,1.8000000000000003
2021-06-02,ARG Sipora Jaya,0.0
2021-06-03,ARG Sipora Jaya,22.2
2021-06-04,ARG Sipora Jaya,34.8
2021-06-05,ARG Sipora Jaya,8.8
2021-06-06,ARG Sipora Jaya,0.0
2021-06-07,ARG Sipora Jaya,3.6000000000000005
2021-06-08,ARG Sipora Jaya,3.0
2021-06-09,ARG Sipora Jaya,0.0
2021-06-10,ARG Sipora Jaya,0.0
2021-06-11,ARG Sipora Jaya,0.0
2021-06-12,ARG Sipora Jaya,1.2
2021-06-13,ARG Sipora Jaya,0.0
2021-06-14,ARG Sipora Jaya,0.0
2021-06-15,ARG Sipora Jaya,4.4
2021-06-16,ARG Sipora Jaya,0.0
2021-06-17,ARG Sipora Jaya,0.0
2021-06-18,ARG Sipora Jaya,0.0
2021-06-19,ARG Sipora Jaya,0.0
2021-06-20,ARG Sipora Jaya,1.4000000000000004
2021-06-21,ARG Sipora Jaya,1.6
2021-06-22,ARG Sipora Jaya,16.0
2021-06-23,ARG Sipora Jaya,0.8
2021-06-24,ARG Sipora Jaya,0.0
2021-06-25,ARG Sipora Jaya,12.399999999999999
2021-06-26,ARG Sipora Jaya,6.000000000000001
2021-06-27,ARG Sipora Jaya,0.4
2021-06-28,ARG Sipora Jaya,14.200000000000001
2021-06-29,ARG Sipora Jaya,2.1999999999999993
2021-06-30,ARG Sipora Jaya,0.0
2021-07-01,ARG Sipora Jaya,0.0
2021-07-02,ARG Sipora Jaya,0.0
2021-07-03,ARG Sipora Jaya,31.4
2021-07-04,ARG Sipora Jaya,0.0
2021-07-05,ARG Sipora Jaya,0.2
2021-07-06,ARG Sipora Jaya,4.0
2021-07-07,ARG Sipora Jaya,0.2
2021-07-08,ARG Sipora Jaya,0.0
2021-07-09,ARG Sipora Jaya,4.200000000000001
2021-07-10,ARG Sipora Jaya,0.0
2021-07-11,ARG Sipora Jaya,27.599999999999998
2021-07-12,ARG Sipora Jaya,60.0
2021-07-13,ARG Sipora Jaya,0.6000000000000028
2021-07-14,ARG Sipora Jaya,0.0
2021-07-15,ARG Sipora Jaya,0.0
2021-07-16,ARG Sipora Jaya,0.0
2021-07-17,ARG Sipora Jaya,0.0
2021-07-18,ARG Sipora Jaya,0.0
2021-07-19,ARG Sipora Jaya,0.0
2021-07-20,ARG Sipora Jaya,0.0
2021-07-21,ARG Sipora Jaya,0.0
2021-07-22,ARG Sipora Jaya,0.0
2021-07-23,ARG Sipora Jaya,0.0
2021-07-24,ARG Sipora Jaya,1.0
2021-07-25,ARG Sipora Jaya,8.0
2021-07-26,ARG Sipora Jaya,0.0
2021-07-27,ARG Sipora Jaya,0.0
2021-07-28,ARG Sipora Jaya,0.0
2021-07-29,ARG Sipora Jaya,0.0
2021-07-30,ARG Sipora Jaya,9.200000000000001
2021-07-31,ARG Sipora Jaya,1.4000000000000001
2021-08-01,ARG Sipora Jaya,46.4
2021-08-02,ARG Sipora Jaya,0.4
2021-08-03,ARG Sipora Jaya,6.800000000000001
2021-08-04,ARG Sipora Jaya,26.400000000000002
2021-08-05,ARG Sipora Jaya,0.0
2021-08-06,ARG Sipora Jaya,26.6
2021-08-07,ARG Sipora Jaya,1.0000000000000002
2021-08-08,ARG Sipora Jaya,10.0
2021-08-09,ARG Sipora Jaya,48.0
2021-08-10,ARG Sipora Jaya,49.0
2021-08-11,ARG Sipora Jaya,15.800000000000002
2021-08-12,ARG Sipora Jaya,1.0000000000000002
2021-08-13,ARG Sipora Jaya,0.0
2021-08-14,ARG Sipora Jaya,6.6
2021-08-15,ARG Sipora Jaya,16.0
2021-08-16,ARG Sipora Jaya,31.2
2021-08-17,ARG Sipora Jaya,1.2000000000000002
2021-08-18,ARG Sipora Jaya,110.2
2021-08-19,ARG Sipora Jaya,0.2
2021-08-20,ARG Sipora Jaya,0.2
2021-08-21,ARG Sipora Jaya,0.0
2021-08-22,ARG Sipora Jaya,2.6000000000000005
2021-08-23,ARG Sipora Jaya,21.8
2021-08-24,ARG Sipora Jaya,3.8
2021-08-25,ARG Sipora Jaya,52.8
2021-08-26,ARG Sipora Jaya,3.0
2021-08-27,ARG Sipora Jaya,20.0
2021-08-28,ARG Sipora Jaya,1.3999999999999995
2021-08-29,ARG Sipora Jaya,14.4
2021-08-30,ARG Sipora Jaya,3.999999999999999
2021-08-31,ARG Sipora Jaya,24.0
2021-09-01,ARG Sipora Jaya,2.8
2021-09-02,ARG Sipora Jaya,14.4
2021-09-03,ARG Sipora Jaya,34.0
2021-09-04,ARG Sipora Jaya,13.0
2021-09-05,ARG Sipora Jaya,0.2
2021-09-06,ARG Sipora Jaya,13.2
2021-09-07,ARG Sipora Jaya,0.8000000000000002
2021-09-08,ARG Sipora Jaya,10.2
2021-09-09,ARG Sipora Jaya,3.6
2021-09-10,ARG Sipora Jaya,0.0
2021-09-11,ARG Sipora Jaya,0.0
2021-09-12,ARG Sipora Jaya,1.8
2021-09-13,ARG Sipora Jaya,0.0
2021-09-14,ARG Sipora Jaya,0.4
2021-09-15,ARG Sipora Jaya,3.0
2021-09-16,ARG Sipora Jaya,7.2
2021-09-17,ARG Sipora Jaya,2.2000000000000006
2021-09-18,ARG Sipora Jaya,37.6
2021-09-19,ARG Sipora Jaya,3.6
2021-09-20,ARG Sipora Jaya,0.2
2021-09-21,ARG Sipora Jaya,19.4
2021-09-22,ARG Sipora Jaya,1.6
2021-09-23,ARG Sipora Jaya,0.2
2021-09-24,ARG Sipora Jaya,1.2000000000000002
2021-09-25,ARG Sipora Jaya,25.8
2021-09-26,ARG Sipora Jaya,8.8
2021-09-27,ARG Sipora Jaya,0.6000000000000001
2021-09-28,ARG Sipora Jaya,64.2
2021-09-29,ARG Sipora Jaya,33.4
2021-09-30,ARG Sipora Jaya,2.4000000000000004
2021-10-01,ARG Sipora Jaya,0.0
2021-10-02,ARG Sipora Jaya,3.4
2021-10-03,ARG Sipora Jaya,1.2
2021-10-04,ARG Sipora Jaya,13.8
2021-10-05,ARG Sipora Jaya,0.0
2021-10-06,ARG Sipora Jaya,0.0
2021-10-07,ARG Sipora Jaya,11.2
2021-10-08,ARG Sipora Jaya,6.2
2021-10-09,ARG Sipora Jaya,9.0
2021-10-10,ARG Sipora Jaya,40.8
2021-10-11,ARG Sipora Jaya,0.2
2021-10-12,ARG Sipora Jaya,14.4
2021-10-13,ARG Sipora Jaya,16.6
2021-10-14,ARG Sipora Jaya,3.1999999999999984
2021-10-15,ARG Sipora Jaya,2.8
2021-10-16,ARG Sipora Jaya,0.0
2021-10-17,ARG Sipora Jaya,38.8
2021-10-18,ARG Sipora Jaya,145.6
2021-10-19,ARG Sipora Jaya,0.4000000000000171
2021-10-20,ARG Sipora Jaya,28.0
2021-10-21,ARG Sipora Jaya,0.4
2021-10-22,ARG Sipora Jaya,12.0
2021-10-23,ARG Sipora Jaya,3.0
2021-10-24,ARG Sipora Jaya,36.2
2021-10-25,ARG Sipora Jaya,30.4
2021-10-26,ARG Sipora Jaya,53.2
2021-10-27,ARG Sipora Jaya,3.800000000000003
2021-10-28,ARG Sipora Jaya,0.0
2021-10-29,ARG Sipora Jaya,7.799999999999999
2021-10-30,ARG Sipora Jaya,5.2
2021-10-31,ARG Sipora Jaya,15.8
2021-11-01,ARG Sipora Jaya,21.0
2021-11-02,ARG Sipora Jaya,2.2
2021-11-03,ARG Sipora Jaya,0.2
2021-11-04,ARG Sipora Jaya,66.0
2021-11-05,ARG Sipora Jaya,6.6
2021-11-06,ARG Sipora Jaya,25.200000000000003
2021-11-07,ARG Sipora Jaya,3.8
2021-11-08,ARG Sipora Jaya,9.8
2021-11-09,ARG Sipora Jaya,4.8
2021-11-10,ARG Sipora Jaya,2.0
2021-11-11,ARG Sipora Jaya,0.6000000000000001
2021-11-12,ARG Sipora Jaya,1.0
2021-11-13,ARG Sipora Jaya,1.8000000000000003
2021-11-14,ARG Sipora Jaya,0.0
2021-11-15,ARG Sipora Jaya,0.0
2021-11-16,ARG Sipora Jaya,0.2
2021-11-17,ARG Sipora Jaya,11.8
2021-11-18,ARG Sipora Jaya,9.0
2021-11-19,ARG Sipora Jaya,5.599999999999999
2021-11-20,ARG Sipora Jaya,1.8
2021-11-21,ARG Sipora Jaya,0.0
2021-11-22,ARG Sipora Jaya,0.0
2021-11-23,ARG Sipora Jaya,0.0
2021-11-24,ARG Sipora Jaya,0.0
2021-11-25,ARG Sipora Jaya,25.4
2021-11-26,ARG Sipora Jaya,18.6
2021-11-27,ARG Sipora Jaya,0.2
2021-11-28,ARG Sipora Jaya,0.0
2021-11-29,ARG Sipora Jaya,4.0
2021-11-30,ARG Sipora Jaya,17.599999999999998
2021-12-01,ARG Sipora Jaya,3.6
2021-12-02,ARG Sipora Jaya,0.0
2021-12-03,ARG Sipora Jaya,8.4
2021-12-04,ARG Sipora Jaya,2.7999999999999994
2021-12-05,ARG Sipora Jaya,11.8
2021-12-06,ARG Sipora Jaya,0.0
2021-12-07,ARG Sipora Jaya,0.0
2021-12-08,ARG Sipora Jaya,0.0
2021-12-09,ARG Sipora Jaya,32.4
2021-12-10,ARG Sipora Jaya,0.0
2021-12-11,ARG Sipora Jaya,5.2
2021-12-12,ARG Sipora Jaya,0.8000000000000002
2021-12-13,ARG Sipora Jaya,3.4
2021-12-14,ARG Sipora Jaya,42.4
2021-12-15,ARG Sipora Jaya,0.0
2021-12-16,ARG Sipora Jaya,30.2
2021-12-17,ARG Sipora Jaya,50.8
2021-12-18,ARG Sipora Jaya,26.0
2021-12-19,ARG Sipora Jaya,24.0
2021-12-20,ARG Sipora Jaya,0.0
2021-12-21,ARG Sipora Jaya,0.0
2021-12-22,ARG Sipora Jaya,5.199999999999999
2021-12-23,ARG Sipora Jaya,2.2
2021-12-24,ARG Sipora Jaya,1.2
2021-12-25,ARG Sipora Jaya,0.0
2021-12-26,ARG Sipora Jaya,0.0
2021-12-27,ARG Sipora Jaya,0.0
2021-12-28,ARG Sipora Jaya,15.4
2021-12-29,ARG Sipora Jaya,0.0
2021-12-30,ARG Sipora Jaya,27.8
2021-12-31,ARG Sipora Jaya,6.000000000000001
2022-01-01,ARG Sipora Jaya,1.4000000000000001
2022-01-02,ARG Sipora Jaya,4.6
2022-01-03,ARG Sipora Jaya,1.7999999999999998
2022-01-04,ARG Sipora Jaya,0.0
2022-01-05,ARG Sipora Jaya,0.0
2022-01-06,ARG Sipora Jaya,0.0
2022-01-07,ARG Sipora Jaya,4.0
2022-01-08,ARG Sipora Jaya,17.6
2022-01-09,ARG Sipora Jaya,25.2
2022-01-10,ARG Sipora Jaya,17.4
2022-01-11,ARG Sipora Jaya,0.0
2022-01-12,ARG Sipora Jaya,0.0
2022-01-13,ARG Sipora Jaya,0.0
2022-01-14,ARG Sipora Jaya,0.0
2022-01-15,ARG Sipora Jaya,0.2
2022-01-16,ARG Sipora Jaya,31.4
2022-01-17,ARG Sipora Jaya,33.0
2022-01-18,ARG Sipora Jaya,2.2
2022-01-19,ARG Sipora Jaya,95.4
2022-01-20,ARG Sipora Jaya,0.0
2022-01-21,ARG Sipora Jaya,0.8000000000000002
2022-01-22,ARG Sipora Jaya,0.4
2022-01-23,ARG Sipora Jaya,58.6
2022-01-24,ARG Sipora Jaya,0.0
2022-01-25,ARG Sipora Jaya,0.0
2022-01-26,ARG Sipora Jaya,0.0
2022-01-27,ARG Sipora Jaya,1.6
2022-01-28,ARG Sipora Jaya,0.0
2022-01-29,ARG Sipora Jaya,0.0
2022-01-30,ARG Sipora Jaya,0.0
2022-01-31,ARG Sipora Jaya,0.0
2022-02-01,ARG Sipora Jaya,0.6000000000000001
2022-02-02,ARG Sipora Jaya,0.0
2022-02-03,ARG Sipora Jaya,18.8
2022-02-04,ARG Sipora Jaya,19.2
2022-02-05,ARG Sipora Jaya,14.0
2022-02-06,ARG Sipora Jaya,2.0
2022-02-07,ARG Sipora Jaya,3.0
2022-02-08,ARG Sipora Jaya,0.0
2022-02-09,ARG Sipora Jaya,0.0
2022-02-10,ARG Sipora Jaya,0.0
2022-02-11,ARG Sipora Jaya,0.0
2022-02-12,ARG Sipora Jaya,0.0
2022-02-13,ARG Sipora Jaya,0.0
2022-02-14,ARG Sipora Jaya,0.0
2022-02-15,ARG Sipora Jaya,0.0
2022-02-16,ARG Sipora Jaya,7.2
2022-02-17,ARG Sipora Jaya,0.0
2022-02-18,ARG Sipora Jaya,6.2
2022-02-19,ARG Sipora Jaya,0.0
2022-02-20,ARG Sipora Jaya,0.0
2022-02-21,ARG Sipora Jaya,0.0
2022-02-22,ARG Sipora Jaya,0.0
2022-02-23,ARG Sipora Jaya,0.0
2022-02-24,ARG Sipora Jaya,0.0
2022-02-25,ARG Sipora Jaya,0.0
2022-02-26,ARG Sipora Jaya,1.2000000000000002
2022-02-27,ARG Sipora Jaya,4.6
2022-02-28,ARG Sipora Jaya,2.4000000000000004
2022-03-01,ARG Sipora Jaya,15.4
2022-03-02,ARG Sipora Jaya,5.000000000000001
2022-03-03,ARG Sipora Jaya,2.2000000000000006
2022-03-04,ARG Sipora Jaya,0.0
2022-03-05,ARG Sipora Jaya,12.4
2022-03-06,ARG Sipora Jaya,0.3999999999999993
2022-03-07,ARG Sipora Jaya,3.8
2022-03-08,ARG Sipora Jaya,4.0
2022-03-09,ARG Sipora Jaya,0.6000000000000001
2022-03-10,ARG Sipora Jaya,40.2
2022-03-11,ARG Sipora Jaya,0.0
2022-03-12,ARG Sipora Jaya,5.4
2022-03-13,ARG Sipora Jaya,9.2
2022-03-14,ARG Sipora Jaya,39.6
2022-03-15,ARG Sipora Jaya,0.0
2022-03-16,ARG Sipora Jaya,11.6
2022-03-17,ARG Sipora Jaya,14.800000000000002
2022-03-18,ARG Sipora Jaya,62.6
2022-03-19,ARG Sipora Jaya,10.8
2022-03-20,ARG Sipora Jaya,0.0
2022-03-21,ARG Sipora Jaya,0.0
2022-03-22,ARG Sipora Jaya,0.0
2022-03-23,ARG Sipora Jaya,0.0
2022-03-24,ARG Sipora Jaya,0.0
2022-03-25,ARG Sipora Jaya,0.0
2022-03-26,ARG Sipora Jaya,0.0
2022-03-27,ARG Sipora Jaya,0.0
2022-03-28,ARG Sipora Jaya,0.0
2022-03-29,ARG Sipora Jaya,0.0
2022-03-30,ARG Sipora Jaya,0.0
2022-03-31,ARG Sipora Jaya,0.0
2022-04-01,ARG Sipora Jaya,0.0
2022-04-02,ARG Sipora Jaya,0.0
2022-04-03,ARG Sipora Jaya,0.0
2022-04-04,ARG Sipora Jaya,0.0
2022-04-05,ARG Sipora Jaya,0.0
2022-04-06,ARG Sipora Jaya,0.2
2022-04-07,ARG Sipora Jaya,0.0
2022-04-08,ARG Sipora Jaya,0.0
2022-04-09,ARG Sipora Jaya,0.0
2022-04-10,ARG Sipora Jaya,0.2
2022-04-11,ARG Sipora Jaya,19.4
2022-04-12,ARG Sipora Jaya,12.2
2022-04-13,ARG Sipora Jaya,30.6
2022-04-14,ARG Sipora Jaya,23.2
2022-04-15,ARG Sipora Jaya,7.6
2022-04-16,ARG Sipora Jaya,0.0
2022-04-17,ARG Sipora Jaya,0.0
2022-04-18,ARG Sipora Jaya,15.6
2022-04-19,ARG Sipora Jaya,5.6
2022-04-20,ARG Sipora Jaya,11.6
2022-04-21,ARG Sipora Jaya,3.3999999999999995
2022-04-22,ARG Sipora Jaya,7.0
2022-04-23,ARG Sipora Jaya,0.2
2022-04-24,ARG Sipora Jaya,3.6000000000000005
2022-04-25,ARG Sipora Jaya,28.2
2022-04-26,ARG Sipora Jaya,0.0
2022-04-27,ARG Sipora Jaya,0.0
2022-04-28,ARG Sipora Jaya,3.7999999999999994
2022-04-29,ARG Sipora Jaya,0.0
2022-04-30,ARG Sipora Jaya,42.0
2022-05-01,ARG Sipora Jaya,29.6
2022-05-02,ARG Sipora Jaya,21.0
2022-05-03,ARG Sipora Jaya,1.8
2022-05-04,ARG Sipora Jaya,10.200000000000001
2022-05-05,ARG Sipora Jaya,12.8
2022-05-06,ARG Sipora Jaya,8.8
2022-05-07,ARG Sipora Jaya,11.2
2022-05-08,ARG Sipora Jaya,0.2
2022-05-09,ARG Sipora Jaya,0.0
2022-05-10,ARG Sipora Jaya,6.8
2022-05-11,ARG Sipora Jaya,19.0
2022-05-12,ARG Sipora Jaya,13.600000000000001
2022-05-13,ARG Sipora Jaya,0.0
2022-05-14,ARG Sipora Jaya,0.0
2022-05-15,ARG Sipora Jaya,0.0
2022-05-16,ARG Sipora Jaya,6.000000000000001
2022-05-17,ARG Sipora Jaya,0.0
2022-05-18,ARG Sipora Jaya,0.0
2022-05-19,ARG Sipora Jaya,0.0
2022-05-20,ARG Sipora Jaya,0.8000000000000002
2022-05-21,ARG Sipora Jaya,0.0
2022-05-22,ARG Sipora Jaya,0.0
2022-05-23,ARG Sipora Jaya,0.0
2022-05-24,ARG Sipora Jaya,80.6
2022-05-25,ARG Sipora Jaya,0.0
2022-05-26,ARG Sipora Jaya,6.8
2022-05-27,ARG Sipora Jaya,77.4
2022-05-28,ARG Sipora Jaya,5.4
2022-05-29,ARG Sipora Jaya,0.0
2022-05-30,ARG Sipora Jaya,0.0
2022-05-31,ARG Sipora Jaya,0.0
2022-06-01,ARG Sipora Jaya,0.0
2022-06-02,ARG Sipora Jaya,26.799999999999997
2022-06-03,ARG Sipora Jaya,0.0
2022-06-04,ARG Sipora Jaya,30.0
2022-06-05,ARG Sipora Jaya,0.0
2022-06-06,ARG Sipora Jaya,4.2
2022-06-07,ARG Sipora Jaya,1.8000000000000003
2022-06-08,ARG Sipora Jaya,11.0
2022-06-09,ARG Sipora Jaya,4.6
2022-06-10,ARG Sipora Jaya,66.6
2022-06-11,ARG Sipora Jaya,17.0
2022-06-12,ARG Sipora Jaya,0.0
2022-06-13,ARG Sipora Jaya,9.2
2022-06-14,ARG Sipora Jaya,49.199999999999996
2022-06-15,ARG Sipora Jaya,1.8
2022-06-16,ARG Sipora Jaya,8.0
2022-06-17,ARG Sipora Jaya,2.4000000000000004
2022-06-18,ARG Sipora Jaya,6.2
2022-06-19,ARG Sipora Jaya,8.0
2022-06-20,ARG Sipora Jaya,0.0
2022-06-21,ARG Sipora Jaya,1.2000000000000002
2022-06-22,ARG Sipora Jaya,50.4
2022-06-23,ARG Sipora Jaya,5.4
2022-06-24,ARG Sipora Jaya,10.4
2022-06-25,ARG Sipora Jaya,0.0
2022-06-26,ARG Sipora Jaya,7.8
2022-06-27,ARG Sipora Jaya,6.4
2022-06-28,ARG Sipora Jaya,3.4
2022-06-29,ARG Sipora Jaya,141.0
2022-06-30,ARG Sipora Jaya,0.0
2022-07-01,ARG Sipora Jaya,0.0
2022-07-02,ARG Sipora Jaya,0.0
2022-07-03,ARG Sipora Jaya,38.0
2022-07-04,ARG Sipora Jaya,0.2
2022-07-05,ARG Sipora Jaya,10.800000000000002
2022-07-06,ARG Sipora Jaya,0.4
2022-07-07,ARG Sipora Jaya,0.0
2022-07-08,ARG Sipora Jaya,30.4
2022-07-09,ARG Sipora Jaya,0.8000000000000002
2022-07-10,ARG Sipora Jaya,1.6
2022-07-11,ARG Sipora Jaya,14.8
2022-07-12,ARG Sipora Jaya,0.4
2022-07-13,ARG Sipora Jaya,5.0
2022-07-14,ARG Sipora Jaya,2.6000000000000005
2022-07-15,ARG Sipora Jaya,0.0
2022-07-16,ARG Sipora Jaya,0.0
2022-07-17,ARG Sipora Jaya,0.0
2022-07-18,ARG Sipora Jaya,0.0
2022-07-19,ARG Sipora Jaya,5.0
2022-07-20,ARG Sipora Jaya,0.2
2022-07-21,ARG Sipora Jaya,14.2
2022-07-22,ARG Sipora Jaya,1.6
2022-07-23,ARG Sipora Jaya,0.2
2022-07-24,ARG Sipora Jaya,30.2
2022-07-25,ARG Sipora Jaya,26.8
2022-07-26,ARG Sipora Jaya,0.0
2022-07-27,ARG Sipora Jaya,13.4
2022-07-28,ARG Sipora Jaya,19.6
2022-07-29,ARG Sipora Jaya,9.8
2022-07-30,ARG Sipora Jaya,0.6000000000000001
2022-07-31,ARG Sipora Jaya,0.0
2022-08-01,ARG Sipora Jaya,0.0
2022-08-02,ARG Sipora Jaya,41.2
2022-08-03,ARG Sipora Jaya,13.999999999999996
2022-08-04,ARG Sipora Jaya,0.0
2022-08-05,ARG Sipora Jaya,0.0
2022-08-06,ARG Sipora Jaya,4.6
2022-08-07,ARG Sipora Jaya,26.6
2022-08-08,ARG Sipora Jaya,38.4
2022-08-09,ARG Sipora Jaya,1.8
2022-08-10,ARG Sipora Jaya,29.0
2022-08-11,ARG Sipora Jaya,2.0
2022-08-12,ARG Sipora Jaya,0.0
2022-08-13,ARG Sipora Jaya,0.0
2022-08-14,ARG Sipora Jaya,0.0
2022-08-15,ARG Sipora Jaya,0.0
2022-08-16,ARG Sipora Jaya,13.2
2022-08-17,ARG Sipora Jaya,0.0
2022-08-18,ARG Sipora Jaya,1.6
2022-08-19,ARG Sipora Jaya,11.0
2022-08-20,ARG Sipora Jaya,52.4
2022-08-21,ARG Sipora Jaya,0.2000000000000028
2022-08-22,ARG Sipora Jaya,3.4
2022-08-23,ARG Sipora Jaya,4.2
2022-08-24,ARG Sipora Jaya,20.4
2022-08-25,ARG Sipora Jaya,10.4
2022-08-26,ARG Sipora Jaya,1.6000000000000005
2022-08-27,ARG Sipora Jaya,26.8
2022-08-28,ARG Sipora Jaya,48.2
2022-08-29,ARG Sipora Jaya,14.2
2022-08-30,ARG Sipora Jaya,7.999999999999999
2022-08-31,ARG Sipora Jaya,67.2
2022-09-01,ARG Sipora Jaya,21.4
2022-09-02,ARG Sipora Jaya,11.2
2022-09-03,ARG Sipora Jaya,0.0
2022-09-04,ARG Sipora Jaya,0.0
2022-09-05,ARG Sipora Jaya,0.0
2022-09-06,ARG Sipora Jaya,15.600000000000001
2022-09-07,ARG Sipora Jaya,11.0
2022-09-08,ARG Sipora Jaya,0.2
2022-09-09,ARG Sipora Jaya,0.0
2022-09-10,ARG Sipora Jaya,0.0
2022-09-11,ARG Sipora Jaya,0.0
2022-09-12,ARG Sipora Jaya,12.8
2022-09-13,ARG Sipora Jaya,0.8000000000000002
2022-09-14,ARG Sipora Jaya,0.0
2022-09-15,ARG Sipora Jaya,21.599999999999998
2022-09-16,ARG Sipora Jaya,0.0
2022-09-17,ARG Sipora Jaya,13.6
2022-09-18,ARG Sipora Jaya,5.0
2022-09-19,ARG Sipora Jaya,2.0000000000000004
2022-09-20,ARG Sipora Jaya,0.0
2022-09-21,ARG Sipora Jaya,11.2
2022-09-22,ARG Sipora Jaya,0.0
2022-09-23,ARG Sipora Jaya,1.4000000000000001
2022-09-24,ARG Sipora Jaya,2.0
2022-09-25,ARG Sipora Jaya,0.4
2022-09-26,ARG Sipora Jaya,2.0
2022-09-27,ARG Sipora Jaya,20.2
2022-09-28,ARG Sipora Jaya,35.6
2022-09-29,ARG Sipora Jaya,0.2
2022-09-30,ARG Sipora Jaya,31.6
2022-10-01,ARG Sipora Jaya,85.2
2022-10-02,ARG Sipora Jaya,10.2
2022-10-03,ARG Sipora Jaya,19.4
2022-10-04,ARG Sipora Jaya,36.6
2022-10-05,ARG Sipora Jaya,15.2
2022-10-06,ARG Sipora Jaya,28.0
2022-10-07,ARG Sipora Jaya,0.0
2022-10-08,ARG Sipora Jaya,0.0
2022-10-09,ARG Sipora Jaya,5.6
2022-10-10,ARG Sipora Jaya,0.2
2022-10-11,ARG Sipora Jaya,0.6000000000000001
2022-10-12,ARG Sipora Jaya,29.0
2022-10-13,ARG Sipora Jaya,2.0
2022-10-14,ARG Sipora Jaya,28.8
2022-10-15,ARG Sipora Jaya,48.8
2022-10-16,ARG Sipora Jaya,8.600000000000003
2022-10-17,ARG Sipora Jaya,4.6
2022-10-18,ARG Sipora Jaya,0.0
2022-10-19,ARG Sipora Jaya,2.0000000000000004
2022-10-20,ARG Sipora Jaya,27.400000000000002
2022-10-21,ARG Sipora Jaya,6.6
2022-10-22,ARG Sipora Jaya,14.4
2022-10-23,ARG Sipora Jaya,6.799999999999999
2022-10-24,ARG Sipora Jaya,2.2000000000000006
2022-10-25,ARG Sipora Jaya,2.0
2022-10-26,ARG Sipora Jaya,50.400000000000006
2022-10-27,ARG Sipora Jaya,0.8000000000000002
2022-10-28,ARG Sipora Jaya,9.6
2022-10-29,ARG Sipora Jaya,18.2
2022-10-30,ARG Sipora Jaya,43.99999999999999
2022-10-31,ARG Sipora Jaya,1.4
2022-11-01,ARG Sipora Jaya,0.2
2022-11-02,ARG Sipora Jaya,3.2
2022-11-03,ARG Sipora Jaya,7.4
2022-11-04,ARG Sipora Jaya,0.2
2022-11-05,ARG Sipora Jaya,0.6000000000000001
2022-11-06,ARG Sipora Jaya,73.4
2022-11-07,ARG Sipora Jaya,20.39999999999999
2022-11-08,ARG Sipora Jaya,23.4
2022-11-09,ARG Sipora Jaya,20.6
2022-11-10,ARG Sipora Jaya,9.6
2022-11-11,ARG Sipora Jaya,30.6
2022-11-12,ARG Sipora Jaya,13.799999999999999
2022-11-13,ARG Sipora Jaya,71.2
2022-11-14,ARG Sipora Jaya,21.8
2022-11-15,ARG Sipora Jaya,66.2
2022-11-16,ARG Sipora Jaya,36.8
2022-11-17,ARG Sipora Jaya,28.2
2022-11-18,ARG Sipora Jaya,9.0
2022-11-19,ARG Sipora Jaya,6.800000000000001
2022-11-20,ARG Sipora Jaya,0.2
2022-11-21,ARG Sipora Jaya,3.4
2022-11-22,ARG Sipora Jaya,60.8
2022-11-23,ARG Sipora Jaya,6.3999999999999995
2022-11-24,ARG Sipora Jaya,28.2
2022-11-25,ARG Sipora Jaya,70.2
2022-11-26,ARG Sipora Jaya,3.4
2022-11-27,ARG Sipora Jaya,0.0
2022-11-28,ARG Sipora Jaya,0.0
2022-11-29,ARG Sipora Jaya,0.0
2022-11-30,ARG Sipora Jaya,0.2
2022-12-01,ARG Sipora Jaya,13.8
2022-12-02,ARG Sipora Jaya,5.4
2022-12-03,ARG Sipora Jaya,35.4
2022-12-04,ARG Sipora Jaya,17.6
2022-12-05,ARG Sipora Jaya,17.0
2022-12-06,ARG Sipora Jaya,44.0
2022-12-07,ARG Sipora Jaya,7.400000000000001
2022-12-08,ARG Sipora Jaya,31.2
2022-12-09,ARG Sipora Jaya,12.200000000000001
2022-12-10,ARG Sipora Jaya,17.4
2022-12-11,ARG Sipora Jaya,40.2
2022-12-12,ARG Sipora Jaya,51.8
2022-12-13,ARG Sipora Jaya,64.60000000000001
2022-12-14,ARG Sipora Jaya,8.8
2022-12-15,ARG Sipora Jaya,0.0
2022-12-16,ARG Sipora Jaya,0.2
2022-12-17,ARG Sipora Jaya,0.0
2022-12-18,ARG Sipora Jaya,0.0
2022-12-19,ARG Sipora Jaya,0.0
2022-12-20,ARG Sipora Jaya,10.6
2022-12-21,ARG Sipora Jaya,19.8
2022-12-22,ARG Sipora Jaya,0.0
2022-12-23,ARG Sipora Jaya,23.8
2022-12-24,ARG Sipora Jaya,0.0
2022-12-25,ARG Sipora Jaya,0.2
2022-12-26,ARG Sipora Jaya,0.0
2022-12-27,ARG Sipora Jaya,0.0
2022-12-28,ARG Sipora Jaya,24.0
2022-12-29,ARG Sipora Jaya,30.8
2022-12-30,ARG Sipora Jaya,68.2
2022-12-31,ARG Sipora Jaya,0.0
2023-01-01,ARG Sipora Jaya,0.0
2023-01-02,ARG Sipora Jaya,9.6
2023-01-03,ARG Sipora Jaya,47.6
2023-01-04,ARG Sipora Jaya,0.0
2023-01-05,ARG Sipora Jaya,0.0
2023-01-06,ARG Sipora Jaya,64.8
2023-01-07,ARG Sipora Jaya,19.000000000000004
2023-01-08,ARG Sipora Jaya,9.199999999999998
2023-01-09,ARG Sipora Jaya,0.0
2023-01-10,ARG Sipora Jaya,36.8
2023-01-11,ARG Sipora Jaya,5.200000000000005
2023-01-12,ARG Sipora Jaya,1.4
2023-01-13,ARG Sipora Jaya,0.0
2023-01-14,ARG Sipora Jaya,5.2
2023-01-15,ARG Sipora Jaya,7.6
2023-01-16,ARG Sipora Jaya,0.0
2023-01-17,ARG Sipora Jaya,6.6
2023-01-18,ARG Sipora Jaya,13.0
2023-01-19,ARG Sipora Jaya,0.6000000000000001
2023-01-20,ARG Sipora Jaya,1.0000000000000002
2023-01-21,ARG Sipora Jaya,20.6
2023-01-22,ARG Sipora Jaya,33.4
2023-01-23,ARG Sipora Jaya,101.2
2023-01-24,ARG Sipora Jaya,10.4
2023-01-25,ARG Sipora Jaya,0.0
2023-01-26,ARG Sipora Jaya,21.2
2023-01-27,ARG Sipora Jaya,29.0
2023-01-28,ARG Sipora Jaya,31.8
2023-01-29,ARG Sipora Jaya,7.4
2023-01-30,ARG Sipora Jaya,0.0
2023-01-31,ARG Sipora Jaya,0.0
2023-02-01,ARG Sipora Jaya,0.0
2023-02-02,ARG Sipora Jaya,4.2
2023-02-03,ARG Sipora Jaya,1.6
2023-02-04,ARG Sipora Jaya,24.8
2023-02-05,ARG Sipora Jaya,19.6
2023-02-06,ARG Sipora Jaya,0.0
2023-02-07,ARG Sipora Jaya,0.4
2023-02-08,ARG Sipora Jaya,0.0
2023-02-09,ARG Sipora Jaya,0.6000000000000001
2023-02-10,ARG Sipora Jaya,26.2
2023-02-11,ARG Sipora Jaya,31.4
2023-02-12,ARG Sipora Jaya,16.4
2023-02-13,ARG Sipora Jaya,0.0
2023-02-14,ARG Sipora Jaya,0.0
2023-02-15,ARG Sipora Jaya,0.0
2023-02-16,ARG Sipora Jaya,0.0
2023-02-17,ARG Sipora Jaya,0.4
2023-02-18,ARG Sipora Jaya,0.0
2023-02-19,ARG Sipora Jaya,0.0
2023-02-20,ARG Sipora Jaya,9.4
2023-02-21,ARG Sipora Jaya,13.8
2023-02-22,ARG Sipora Jaya,17.8
2023-02-23,ARG Sipora Jaya,2.4
2023-02-24,ARG Sipora Jaya,0.0
2023-02-25,ARG Sipora Jaya,0.0
2023-02-26,ARG Sipora Jaya,1.4000000000000001
2023-02-27,ARG Sipora Jaya,30.8
2023-02-28,ARG Sipora Jaya,9.799999999999999
2023-03-01,ARG Sipora Jaya,0.0
2023-03-02,ARG Sipora Jaya,0.0
2023-03-03,ARG Sipora Jaya,7.599999999999999
2023-03-04,ARG Sipora Jaya,0.0
2023-03-05,ARG Sipora Jaya,0.0
2023-03-06,ARG Sipora Jaya,38.4
2023-03-07,ARG Sipora Jaya,15.2
2023-03-08,ARG Sipora Jaya,10.0
2023-03-09,ARG Sipora Jaya,11.0
2023-03-10,ARG Sipora Jaya,59.4
2023-03-11,ARG Sipora Jaya,3.7999999999999985
2023-03-12,ARG Sipora Jaya,0.0
2023-03-13,ARG Sipora Jaya,8.6
2023-03-14,ARG Sipora Jaya,19.4
2023-03-15,ARG Sipora Jaya,34.6
2023-03-16,ARG Sipora Jaya,0.0
2023-03-17,ARG Sipora Jaya,11.8
2023-03-18,ARG Sipora Jaya,1.2000000000000002
2023-03-19,ARG Sipora Jaya,1.4000000000000001
2023-03-20,ARG Sipora Jaya,24.2
2023-03-21,ARG Sipora Jaya,0.8
2023-03-22,ARG Sipora Jaya,9.0
2023-03-23,ARG Sipora Jaya,0.6000000000000001
2023-03-24,ARG Sipora Jaya,11.0
2023-03-25,ARG Sipora Jaya,0.1999999999999993
2023-03-26,ARG Sipora Jaya,10.6
2023-03-27,ARG Sipora Jaya,0.0
2023-03-28,ARG Sipora Jaya,0.2
2023-03-29,ARG Sipora Jaya,5.4
2023-03-30,ARG Sipora Jaya,6.2
2023-03-31,ARG Sipora Jaya,6.6000000000000005
2023-04-01,ARG Sipora Jaya,27.6
2023-04-02,ARG Sipora Jaya,10.0
2023-04-03,ARG Sipora Jaya,1.4000000000000001
2023-04-04,ARG Sipora Jaya,0.8000000000000002
2023-04-05,ARG Sipora Jaya,0.6000000000000001
2023-04-06,ARG Sipora Jaya,0.0
2023-04-07,ARG Sipora Jaya,0.0
2023-04-08,ARG Sipora Jaya,0.0
2023-04-09,ARG Sipora Jaya,2.7999999999999994
2023-04-10,ARG Sipora Jaya,7.8
2023-04-11,ARG Sipora Jaya,0.4
2023-04-12,ARG Sipora Jaya,0.0
2023-04-13,ARG Sipora Jaya,0.0
2023-04-14,ARG Sipora Jaya,0.0
2023-04-15,ARG Sipora Jaya,247.0
2023-04-16,ARG Sipora Jaya,64.60000000000001
2023-04-17,ARG Sipora Jaya,0.0
2023-04-18,ARG Sipora Jaya,2.4
2023-04-19,ARG Sipora Jaya,0.0
2023-04-20,ARG Sipora Jaya,0.0
2023-04-21,ARG Sipora Jaya,0.0
2023-04-22,ARG Sipora Jaya,0.0
2023-04-23,ARG Sipora Jaya,0.0
2023-04-24,ARG Sipora Jaya,0.0
2023-04-25,ARG Sipora Jaya,0.0
2023-04-26,ARG Sipora Jaya,0.0
2023-04-27,ARG Sipora Jaya,0.0
2023-04-28,ARG Sipora Jaya,0.0
2023-04-29,ARG Sipora Jaya,0.0
2023-04-30,ARG Sipora Jaya,0.0
2023-05-01,ARG Sipora Jaya,0.0
2023-05-02,ARG Sipora Jaya,0.0
2023-05-03,ARG Sipora Jaya,0.0
2023-05-04,ARG Sipora Jaya,0.0
2023-05-05,ARG Sipora Jaya,0.0
2023-05-06,ARG Sipora Jaya,0.0
2023-05-07,ARG Sipora Jaya,18.4
2023-05-08,ARG Sipora Jaya,0.0
2023-05-09,ARG Sipora Jaya,0.0
2023-05-10,ARG Sipora Jaya,0.0
2023-05-11,ARG Sipora Jaya,0.0
2023-05-12,ARG Sipora Jaya,0.0
2023-05-13,ARG Sipora Jaya,0.0
2023-05-14,ARG Sipora Jaya,0.0
2023-05-15,ARG Sipora Jaya,0.0
2023-05-16,ARG Sipora Jaya,0.0
2023-05-17,ARG Sipora Jaya,0.0
2023-05-18,ARG Sipora Jaya,0.0
2023-05-19,ARG Sipora Jaya,0.0
2023-05-20,ARG Sipora Jaya,0.0
2023-05-21,ARG Sipora Jaya,0.0
2023-05-22,ARG Sipora Jaya,0.0
2023-05-23,ARG Sipora Jaya,0.0
2023-05-24,ARG Sipora Jaya,0.0
2023-05-25,ARG Sipora Jaya,0.0
2023-05-26,ARG Sipora Jaya,0.0
2023-05-27,ARG Sipora Jaya,0.0
2023-05-28,ARG Sipora Jaya,0.0
2023-05-29,ARG Sipora Jaya,0.0
2023-05-30,ARG Sipora Jaya,0.0
2023-05-31,ARG Sipora Jaya,75.19999999999999
2023-06-01,ARG Sipora Jaya,0.0
2023-06-02,ARG Sipora Jaya,0.0
2023-06-03,ARG Sipora Jaya,16.8
2023-06-04,ARG Sipora Jaya,13.4
2023-06-05,ARG Sipora Jaya,37.0
2023-06-06,ARG Sipora Jaya,10.0
2023-06-07,ARG Sipora Jaya,40.2
2023-06-08,ARG Sipora Jaya,0.0
2023-06-09,ARG Sipora Jaya,19.2
2023-06-10,ARG Sipora Jaya,0.0
2023-06-11,ARG Sipora Jaya,2.0
2023-06-12,ARG Sipora Jaya,0.2
2023-06-13,ARG Sipora Jaya,22.0
2023-06-14,ARG Sipora Jaya,19.8
2023-06-15,ARG Sipora Jaya,4.2
2023-06-16,ARG Sipora Jaya,7.8
2023-06-17,ARG Sipora Jaya,40.4
2023-06-18,ARG Sipora Jaya,17.4
2023-06-19,ARG Sipora Jaya,0.0
2023-06-20,ARG Sipora Jaya,0.0
2023-06-21,ARG Sipora Jaya,0.0
2023-06-22,ARG Sipora Jaya,33.4
2023-06-23,ARG Sipora Jaya,8.0
2023-06-24,ARG Sipora Jaya,0.0
2023-06-25,ARG Sipora Jaya,9.6
2023-06-26,ARG Sipora Jaya,4.200000000000001
2023-06-27,ARG Sipora Jaya,0.6000000000000001
2023-06-28,ARG Sipora Jaya,4.6
2023-06-29,ARG Sipora Jaya,14.799999999999999
2023-06-30,ARG Sipora Jaya,122.2
2023-07-01,ARG Sipora Jaya,6.2
2023-07-02,ARG Sipora Jaya,7.8
2023-07-03,ARG Sipora Jaya,0.8000000000000002
2023-07-04,ARG Sipora Jaya,38.0
2023-07-05,ARG Sipora Jaya,7.600000000000004
2023-07-06,ARG Sipora Jaya,0.0
2023-07-07,ARG Sipora Jaya,0.4
2023-07-08,ARG Sipora Jaya,7.4
2023-07-09,ARG Sipora Jaya,30.6
2023-07-10,ARG Sipora Jaya,17.799999999999997
2023-07-11,ARG Sipora Jaya,0.3999999999999993
2023-07-12,ARG Sipora Jaya,10.6
2023-07-13,ARG Sipora Jaya,213.0
2023-07-14,ARG Sipora Jaya,3.6000000000000063
2023-07-15,ARG Sipora Jaya,0.2
2023-07-16,ARG Sipora Jaya,8.980952380952381
2023-07-17,ARG Sipora Jaya,13.61904761904762
2023-07-18,ARG Sipora Jaya,29.2
2023-07-19,ARG Sipora Jaya,13.000000000000002
2023-07-20,ARG Sipora Jaya,8.6
2023-07-21,ARG Sipora Jaya,0.0
2023-07-22,ARG Sipora Jaya,0.4
2023-07-23,ARG Sipora Jaya,45.0
2023-07-24,ARG Sipora Jaya,1.8
2023-07-25,ARG Sipora Jaya,0.0
2023-07-26,ARG Sipora Jaya,0.0
2023-07-27,ARG Sipora Jaya,2.5999999999999996
2023-07-28,ARG Sipora Jaya,13.2
2023-07-29,ARG Sipora Jaya,5.4
2023-07-30,ARG Sipora Jaya,7.400000000000001
2023-07-31,ARG Sipora Jaya,0.8000000000000002
2023-08-01,ARG Sipora Jaya,7.0
2023-08-02,ARG Sipora Jaya,0.0
2023-08-03,ARG Sipora Jaya,8.2
2023-08-04,ARG Sipora Jaya,0.8000000000000002
2023-08-05,ARG Sipora Jaya,1.0
2023-08-06,ARG Sipora Jaya,4.2
2023-08-07,ARG Sipora Jaya,7.4
2023-08-08,ARG Sipora Jaya,4.0
2023-08-09,ARG Sipora Jaya,14.8
2023-08-10,ARG Sipora Jaya,2.2
2023-08-11,ARG Sipora Jaya,22.4
2023-08-12,ARG Sipora Jaya,0.0
2023-08-13,ARG Sipora Jaya,50.4
2023-08-14,ARG Sipora Jaya,2.0
2023-08-15,ARG Sipora Jaya,5.4
2023-08-16,ARG Sipora Jaya,0.0
2023-08-17,ARG Sipora Jaya,28.0
2023-08-18,ARG Sipora Jaya,2.4
2023-08-19,ARG Sipora Jaya,8.4
2023-08-20,ARG Sipora Jaya,70.0
2023-08-21,ARG Sipora Jaya,1.2
2023-08-22,ARG Sipora Jaya,0.2
2023-08-23,ARG Sipora Jaya,0.0
2023-08-24,ARG Sipora Jaya,2.6000000000000005
2023-08-25,ARG Sipora Jaya,17.8
2023-08-26,ARG Sipora Jaya,23.8
2023-08-27,ARG Sipora Jaya,2.4
2023-08-28,ARG Sipora Jaya,17.0
2023-08-29,ARG Sipora Jaya,0.2
2023-08-30,ARG Sipora Jaya,0.0
2023-08-31,ARG Sipora Jaya,0.0
2023-09-01,ARG Sipora Jaya,0.0
2023-09-02,ARG Sipora Jaya,0.0
2023-09-03,ARG Sipora Jaya,0.0
2023-09-04,ARG Sipora Jaya,0.0
2023-09-05,ARG Sipora Jaya,84.0
2023-09-06,ARG Sipora Jaya,25.999999999999993
2023-09-07,ARG Sipora Jaya,0.0
2023-09-08,ARG Sipora Jaya,0.0
2023-09-09,ARG Sipora Jaya,21.4
2023-09-10,ARG Sipora Jaya,1.4000000000000021
2023-09-11,ARG Sipora Jaya,0.0
2023-09-12,ARG Sipora Jaya,0.0
2023-09-13,ARG Sipora Jaya,0.0
2023-09-14,ARG Sipora Jaya,0.2
2023-09-15,ARG Sipora Jaya,0.0
2023-09-16,ARG Sipora Jaya,0.0
2023-09-17,ARG Sipora Jaya,2.0
2023-09-18,ARG Sipora Jaya,0.0
2023-09-19,ARG Sipora Jaya,0.0
2023-09-20,ARG Sipora Jaya,0.0
2023-09-21,ARG Sipora Jaya,8.4
2023-09-22,ARG Sipora Jaya,0.4
2023-09-23,ARG Sipora Jaya,0.0
2023-09-24,ARG Sipora Jaya,0.0
2023-09-25,ARG Sipora Jaya,0.0
2023-09-26,ARG Sipora Jaya,0.0
2023-09-27,ARG Sipora Jaya,0.0
2023-09-28,ARG Sipora Jaya,0.0
2023-09-29,ARG Sipora Jaya,0.0
2023-09-30,ARG Sipora Jaya,0.0
2023-10-01,ARG Sipora Jaya,0.0
2023-10-02,ARG Sipora Jaya,0.0
2023-10-03,ARG Sipora Jaya,0.0
2023-10-04,ARG Sipora Jaya,0.0
2023-10-05,ARG Sipora Jaya,0.0
2023-10-06,ARG Sipora Jaya,0.0
2023-10-07,ARG Sipora Jaya,0.0
2023-10-08,ARG Sipora Jaya,0.0
2023-10-09,ARG Sipora Jaya,0.0
2023-10-10,ARG Sipora Jaya,6.2
2023-10-11,ARG Sipora Jaya,0.0
2023-10-12,ARG Sipora Jaya,0.0
2023-10-13,ARG Sipora Jaya,0.0
2023-10-14,ARG Sipora Jaya,0.2
2023-10-15,ARG Sipora Jaya,0.0
2023-10-16,ARG Sipora Jaya,0.0
2023-10-17,ARG Sipora Jaya,0.0
2023-10-18,ARG Sipora Jaya,0.0
2023-10-19,ARG Sipora Jaya,4.2
2023-10-20,ARG Sipora Jaya,0.0
2023-10-21,ARG Sipora Jaya,0.0
2023-10-22,ARG Sipora Jaya,0.0
2023-10-23,ARG Sipora Jaya,0.0
2023-10-24,ARG Sipora Jaya,1.4000000000000001
2023-10-25,ARG Sipora Jaya,10.8
2023-10-26,ARG Sipora Jaya,2.2
2023-10-27,ARG Sipora Jaya,0.0
2023-10-28,ARG Sipora Jaya,0.0
2023-10-29,ARG Sipora Jaya,0.0
2023-10-30,ARG Sipora Jaya,0.0
2023-10-31,ARG Sipora Jaya,0.0
2023-11-01,ARG Sipora Jaya,2.0
2023-11-02,ARG Sipora Jaya,12.4
2023-11-03,ARG Sipora Jaya,0.0
2023-11-04,ARG Sipora Jaya,1.2000000000000002
2023-11-05,ARG Sipora Jaya,0.2
2023-11-06,ARG Sipora Jaya,1.8000000000000003
2023-11-07,ARG Sipora Jaya,0.6000000000000001
2023-11-08,ARG Sipora Jaya,3.0
2023-11-09,ARG Sipora Jaya,26.4
2023-11-10,ARG Sipora Jaya,0.0
2023-11-11,ARG Sipora Jaya,0.0
2023-11-12,ARG Sipora Jaya,9.0
2023-11-13,ARG Sipora Jaya,0.4
2023-11-14,ARG Sipora Jaya,4.2
2023-11-15,ARG Sipora Jaya,19.6
2023-11-16,ARG Sipora Jaya,0.0
2023-11-17,ARG Sipora Jaya,0.0
2023-11-18,ARG Sipora Jaya,0.4
2023-11-19,ARG Sipora Jaya,0.0
2023-11-20,ARG Sipora Jaya,0.0
2023-11-21,ARG Sipora Jaya,0.0
2023-11-22,ARG Sipora Jaya,0.0
2023-11-23,ARG Sipora Jaya,9.6
2023-11-24,ARG Sipora Jaya,2.4
2023-11-25,ARG Sipora Jaya,0.0
2023-11-26,ARG Sipora Jaya,0.4
2023-11-27,ARG Sipora Jaya,0.0
2023-11-28,ARG Sipora Jaya,0.0
2023-11-29,ARG Sipora Jaya,0.0
2023-11-30,ARG Sipora Jaya,0.0
2023-12-01,ARG Sipora Jaya,0.0
2023-12-02,ARG Sipora Jaya,30.4
2023-12-03,ARG Sipora Jaya,18.2
2023-12-04,ARG Sipora Jaya,0.0
2023-12-05,ARG Sipora Jaya,0.0
2023-12-06,ARG Sipora Jaya,0.0
2023-12-07,ARG Sipora Jaya,0.2
2023-12-08,ARG Sipora Jaya,0.8000000000000002
2023-12-09,ARG Sipora Jaya,0.4
2023-12-10,ARG Sipora Jaya,0.0
2023-12-11,ARG Sipora Jaya,0.0
2023-12-12,ARG Sipora Jaya,3.2
2023-12-13,ARG Sipora Jaya,0.0
2023-12-14,ARG Sipora Jaya,0.6000000000000001
2023-12-15,ARG Sipora Jaya,0.4
2023-12-16,ARG Sipora Jaya,0.0
2023-12-17,ARG Sipora Jaya,2.6
2023-12-18,ARG Sipora Jaya,19.6
2023-12-19,ARG Sipora Jaya,0.0
2023-12-20,ARG Sipora Jaya,1.0
2023-12-21,ARG Sipora Jaya,39.6
2023-12-22,ARG Sipora Jaya,0.2
2023-12-23,ARG Sipora Jaya,4.200000000000001
2023-12-24,ARG Sipora Jaya,39.4
2023-12-25,ARG Sipora Jaya,1.0
2023-12-26,ARG Sipora Jaya,0.0
2023-12-27,ARG Sipora Jaya,1.6
2023-12-28,ARG Sipora Jaya,0.2
2023-12-29,ARG Sipora Jaya,0.0
2023-12-30,ARG Sipora Jaya,2.0000000000000004
2023-12-31,ARG Sipora Jaya,7.6
